0.03948,-0.22267,0.15738,0.082868,0.46341,-0.099958,-0.907,1.0616,1.9118,0.69146,-1.1135,-0.74056,-0.18234,-0.78833,0.070738,0.76386,0.80536
-0.91983,0.24298,-0.017365,-0.023094,0.17916,-0.13819,-0.40162,0.07854,2.9453,0.56664,-2.0648,-0.30267,-0.46176,-0.12964,-0.061031,0.26963,2.361
-2.2292,2.3423,-0.34053,-1.7593,0.011612,-0.19951,0.21981,0.09938,1.5075,1.1659,-1.1425,-0.63306,-0.64568,-1.0338,-0.035134,0.89109,-0.69619
2.7872,-1.1879,-1.0194,0.034636,0.21781,0.38347,1.8954,0.80271,-1.0171,-0.12332,-0.84725,-0.57676,-0.67693,0.079532,0.87457,0.14292,2.2744
8.6029,-1.0959,-1.906,0.21952,0.70513,0.24177,-0.86521,1.0132,2.246,-1.5507,-1.0468,0.19633,-0.16892,-0.11248,-0.61859,1.0804,2.1073
0.89931,0.17227,-0.88671,-0.51642,0.30521,0.092932,0.47123,1.4029,1.3166,-0.482,-1.4617,-0.75148,-0.41206,-0.18367,0.54075,0.89109,0.51949
2.79,-0.19734,-0.66799,-0.16499,0.015839,0.51167,1.5048,0.56288,0.11855,-0.23748,-1.4033,-0.54571,-0.14512,0.26511,1.2988,0.83354,-2.2548
-2.3442,1.1751,-0.0079124,-0.63766,0.46312,-0.13098,0.96399,0.82718,0.67689,0.15036,-2.3983,-0.7454,0.24964,0.32487,0.4018,0.091139,3.3161
0.58198,1.5837,-0.64376,-1.388,0.30154,0.6145,1.3503,1.5011,-1.0278,-1.0132,-0.27288,-0.43683,-0.5755,-0.07315,0.8681,0.27796,0.7239
4.1399,-0.75983,-0.89901,-0.07835,-0.34963,0.31795,2.2524,0.29689,-0.41659,-0.34375,-1.6349,-0.12079,-0.099048,-0.54118,0.75208,1.5135,-1.8681
-1.8732,-0.69514,0.015484,0.15683,0.51051,0.032545,-0.59056,0.048118,1.8773,1.3682,-0.63077,-1.0514,-0.55404,-0.46815,-0.43156,0.86555,1.2566
-4.7735,3.9126,0.51594,-2.3483,0.1972,0.30496,-0.77282,-0.77389,0.88456,1.0671,-0.37214,-0.56185,0.042648,-0.21906,-0.76005,-0.43655,0.30235
0.42006,-0.18987,-0.1511,0.15333,0.47301,-0.063722,0.60592,0.33462,1.1557,1.0204,-1.7448,-1.0325,-0.024522,0.11682,0.11969,0.5097,1.589
-0.30286,-0.23951,0.016843,0.17214,0.12166,-0.16536,0.018491,0.36244,2.3543,0.61778,-2.1496,-0.5123,-0.22144,-0.35337,0.12678,0.74282,1.2944
0.94269,0.47236,-0.98487,-0.99041,0.047257,0.43998,0.92355,0.40364,0.9155,1.1549,-1.3186,-1.5027,-0.54147,0.57645,0.48452,-0.42632,3.1885
-4.4976,-0.86457,0.22401,0.63348,-0.03629,-0.27181,0.38126,0.5251,1.5544,0.52534,-0.99597,-0.45381,-0.25064,-0.15189,-0.0077866,0.1057,1.1778
-0.53873,-0.76723,0.24461,0.97731,0.10059,-0.17764,-0.41652,0.56065,1.9692,-0.10407,-0.70205,-0.16714,-0.85788,-0.088508,1.0498,0.83245,-1.0031
-2.7622,0.0763,-0.2528,0.037783,0.57336,0.37862,-0.27512,-0.43421,2.1691,0.22929,-1.2181,0.018798,-0.54035,0.015404,1.1354,1.3252,-1.5159
-1.622,-1.0294,0.12067,0.42457,0.28204,-0.27015,-0.21531,0.60614,1.553,0.30328,-0.72621,-0.18348,-0.31103,-0.074823,1.0745,1.2248,-4.178
-0.65915,0.1221,-0.24123,-0.17812,0.75669,0.39323,-0.64599,-0.51383,2.8267,0.29396,-1.8353,-0.045471,-0.32914,0.23362,0.093168,0.98779,1.4186
-1.3,-0.5427,0.418,0.46975,-0.28823,0.24705,0.62154,-0.43375,2.2235,0.6582,-2.3719,-0.63303,-0.35576,0.99884,0.35147,-0.80568,2.3426
-3.7919,-1.2248,0.1826,0.26288,0.38654,0.30361,0.048586,-0.55586,0.26477,2.3619,0.18542,-1.5408,0.1027,-0.027648,-0.68667,-0.1776,0.23941
0.20148,-0.19663,-0.82362,-1.1649,-0.20502,0.78069,0.2544,0.072709,1.971,0.9362,-1.2855,-0.72964,-0.33361,0.10705,0.30327,0.16378,0.11689
-1.2768,-0.32723,-0.57453,-0.53487,0.080488,-0.1163,-0.14199,0.94763,1.6844,0.47874,-1.69,-0.96076,-0.72157,-0.10327,0.60794,-0.22167,2.8465
-1.1266,-0.9191,-0.11656,0.057572,-0.16482,0.10805,1.1795,1.2509,-0.19097,-0.38482,0.58972,0.56231,-0.93239,-0.56072,-0.31441,-0.82019,1.6035
-3.2309,-1.2454,-0.031918,0.44137,-0.074515,-0.4113,0.2776,0.25806,0.80866,1.3058,0.0043989,-1.0299,-0.26209,0.25332,-0.34281,0.41601,3.0434
-0.74965,-0.53922,-0.026647,0.84299,0.24102,-0.1433,0.011751,0.23187,1.501,0.56717,-1.4527,-0.86923,1.0228,0.49986,-0.55744,0.38657,2.6715
2.9343,-0.69387,-1.0409,-0.25848,0.20485,0.0036095,-0.39571,0.73247,1.7351,0.83024,-0.3987,-0.78792,-0.61305,-0.57047,-0.13944,0.9518,1.6953
5.2323,-2.7567,-1.4559,0.99274,0.77281,0.29987,-0.58125,0.21258,2.0071,0.35789,-1.3311,0.20321,-0.78852,-0.67425,0.8721,0.13652,-1.1231
-0.3211,2.2269,-0.34602,0.11015,-0.59909,-1.6098,0.20865,-1.0093,1.5955,1.1019,-1.0328,-0.86681,-0.19011,0.24451,-0.0031226,0.69294,-1.6475
0.82401,-0.80772,-0.96289,-0.73659,-0.52282,-0.19015,0.17894,0.24121,0.12253,-0.14743,-0.35591,-0.15249,-0.12452,0.15109,0.17442,0.29796,1.5955
-1.3147,-0.17531,0.18698,0.062717,0.23598,0.43731,0.96043,1.4389,-0.43994,-0.85358,-0.53529,0.10686,0.1656,-0.095432,0.19687,-0.17223,2.9179
-1.1506,1.8217,0.5571,-0.87333,-1.2045,-1.0201,-0.23309,-0.20514,0.68643,0.50762,-0.54095,-0.226,-0.14342,0.26715,0.26841,-0.064582,1.4865
-0.4824,-0.47749,-0.21498,-0.066578,0.381,1.15,0.23385,0.12084,1.0879,0.3412,-0.74789,-0.65899,-0.52715,0.1101,0.38758,0.044373,2.0924
-0.34204,0.21777,0.075976,0.039326,0.19569,-0.1401,-0.13026,-0.075844,2.2486,1.0803,-1.8508,-0.71694,-0.011366,0.014411,0.33871,0.97372,0.19937
-0.86427,-0.69422,-0.72815,-0.39496,-0.10124,-0.047381,1.0973,0.7831,1.232,0.22031,-1.6334,-0.54711,-0.56792,-0.12129,0.45079,0.56407,1.213
0.15479,0.22766,-0.45531,0.068279,0.22032,-0.64449,0.031574,0.8995,2.4335,-0.032687,-1.4639,-0.1749,-0.92524,-0.1662,0.141,0.36484,1.6409
-3.5485,-0.65454,0.5335,-0.091618,-0.57524,-0.3015,0.47501,1.3405,1.429,-0.36212,-1.2051,-0.042273,-0.83003,-0.47465,0.034539,-0.4799,1.2319
-0.15541,-0.24781,-0.05183,0.12222,0.48399,-0.0052541,-0.37421,-0.029304,2.0339,1.4926,-1.2572,-0.96915,-0.39247,-0.2796,-0.15368,0.32837,0.61572
1.9567,-0.56928,-0.45636,0.46839,0.38483,0.24484,-0.043723,-0.536,2.0168,1.5022,-1.3845,-1.1605,-0.39724,0.1085,-0.15324,0.29475,1.6229
1.0883,0.30449,-0.51211,-0.47986,0.68789,0.8113,-0.72374,-0.03905,2.4467,0.73956,-1.7912,-0.8526,-0.30736,-0.31866,0.44483,0.68733,-0.26275
-0.29969,-0.24327,0.15777,0.61999,0.38566,0.36758,0.84575,1.2026,-0.27416,-1.3496,-0.69573,-0.28455,0.097124,0.41068,0.40442,0.030075,0.37584
1.3918,-0.51242,-0.91489,0.14573,0.26905,0.1621,0.7182,1.935,0.22338,-2.0107,-0.73635,-0.70582,-0.08915,0.55914,0.36899,0.54421,0.15929
4.3415,-1.0704,-0.62629,0.74307,-0.42858,-0.59754,0.85777,0.6091,2.1094,-0.28781,-2.5706,-0.58563,0.3375,0.36866,0.01814,0.60464,-2.3931
-0.066823,-0.6821,-0.066823,0.61916,-0.42836,0.54391,0.7845,1.7119,0.29349,-2.1153,-0.41828,-0.39453,0.45528,0.2246,-0.1428,0.67683,0.73786
-0.57902,-0.21949,0.21438,0.088273,0.1501,-0.014832,-0.28331,-0.1908,2.4379,1.2115,-1.3945,-0.7963,-0.66198,-0.13484,-0.01502,0.65872,0.25916
0.11457,-0.28301,-0.030406,0.24647,0.36919,-0.12178,-0.33682,-0.01377,2.547,0.9967,-1.9468,-0.62351,-0.28442,-0.19617,-0.25559,0.34857,1.6688
-2.937,1.4637,0.71749,-0.87148,0.34491,0.29968,-0.21645,-0.010913,1.2988,1.6826,-0.98922,-1.1302,-0.49123,-0.2517,-0.2908,-0.20082,3.1714
-2.7682,-1.15,-0.17276,0.24849,-0.058923,-0.20336,0.40954,0.17144,1.5318,0.50728,-0.82492,-0.052537,-0.59837,0.20002,-0.14725,0.21201,4.5535
-0.4657,-0.46797,-0.027696,0.25025,0.40642,-0.25534,-0.502,0.48943,2.3988,0.60282,-2.2915,-0.59114,-0.052537,-0.29372,-0.218,0.46487,4.1183
-3.2657,-1.3108,-0.41123,-0.34471,0.0060655,0.32045,0.22854,0.371,1.2311,0.41352,-0.83354,0.33378,-0.32319,-0.91421,0.32279,0.87185,1.0959
-1.58,-0.64131,0.32336,0.51102,0.21572,-0.089868,-0.0072982,0.52691,1.7215,0.094812,-0.92247,-0.13614,-0.49676,-0.14272,0.50871,1.0083,-0.75013
1.475,-1.1159,-0.47339,0.04199,0.035674,-0.40951,0.073646,1.8235,1.1751,-0.0045042,-1.1571,-0.53771,-0.82859,-0.68913,0.70753,0.55671,2.0564
-0.22222,-0.46155,-0.1385,0.22607,0.41841,0.16366,-0.08621,0.235,1.7658,0.84764,-1.0296,-0.87381,-0.60663,-0.35988,0.32368,1.1465,-0.1189
3.1537,-0.85788,-1.4848,0.2568,0.41121,-0.46369,1.0725,1.0906,0.73452,0.053274,-0.71569,-0.99412,-0.96681,0.037289,0.49296,1.0523,0.12188
1.4118,-0.59867,-0.63142,0.38704,0.15945,0.5193,0.24334,0.98734,1.0246,-1.4828,-0.73177,0.10505,-0.32012,-0.20491,1.21,1.7288,-1.4572
-1.3226,-1.833,-0.81526,0.14773,0.097484,-0.051492,0.48897,0.54762,0.82946,0.6158,-0.3122,-0.19139,-0.76124,-0.20914,0.075853,-0.030884,3.1761
-2.3336,-1.7053,-0.27463,-0.25734,0.32006,-0.2576,-0.60158,0.64138,1.6985,0.62737,-0.90084,-0.74114,-0.070393,0.39406,-0.029943,0.60033,-0.26682
2.2745,-0.53943,-0.20415,-0.45929,-0.638,0.07958,2.7077,0.44739,-1.5462,0.46599,-1.1333,-1.0779,0.066949,1.0819,0.80865,0.1393,0.53683
-0.65483,-0.04372,-0.043855,0.038299,-0.07562,0.69024,0.67097,-1.1427,1.9903,0.85954,-1.7779,-0.60444,-0.015769,1.2162,0.046017,-0.13437,2.0486
-1.8599,-1.6988,0.02921,-0.25308,-0.55232,0.41515,0.11508,-0.076546,1.3895,1.3843,-0.88476,-0.49163,0.12998,-0.19056,-0.19165,0.15824,1.556
-6.1102,1.8913,-0.39161,-1.1755,-0.010427,-0.48415,0.7419,-0.0022532,1.6774,0.66531,-1.0776,-0.89182,-0.53017,0.3186,-0.95691,0.38984,5.7069
-3.6201,-0.39694,-0.17933,-0.54336,-0.095987,-0.4289,0.0032919,1.1692,0.63185,0.33441,1.3457,-0.70686,-1.0424,-0.32235,-0.45594,0.97829,-0.33038
-2.0574,0.77574,-0.03372,-1.0562,-0.14015,-0.3962,0.30836,-0.50707,1.4643,2.3185,-0.86486,-1.1383,-0.066989,0.62876,-0.83975,-0.98695,0.51649
-0.9368,1.022,0.010497,-0.61992,0.21346,-0.16286,-0.32578,0.098329,2.1526,1.3796,-1.1349,-0.80085,-0.51057,-0.38946,-0.34714,0.39263,1.8316
-1.6601,-0.44855,-0.10694,0.19399,0.31283,0.10233,0.69235,0.98906,0.92621,-0.99956,-1.1049,-0.039188,-0.2028,0.48429,1.1113,0.87827,-2.7939
6.7887,-2.4119,-1.7922,-0.099789,0.24445,0.79851,0.5095,1.0574,-1.2238,-1.841,0.79984,1.0212,0.036733,0.23799,0.41745,-0.014932,-0.41181
-3.2698,3.4095,-0.27542,-2.6778,-0.23376,0.23089,-0.090926,-0.43086,1.1098,1.3464,-0.52417,-0.92304,-0.18719,-0.089613,-0.35267,0.0031324,0.37537
-4.1065,3.4975,0.03644,-2.2807,-0.027474,-0.40918,0.069032,-0.27405,0.92744,1.9147,-1.3582,-1.1678,0.39645,-0.30171,-0.33613,0.042752,0.15681
1.7796,2.0247,-1.2595,-1.6007,0.35393,-0.2764,-0.48489,0.2781,0.86741,1.7521,-0.10592,-1.6791,-0.0987,-0.38076,-0.33459,0.37185,-0.54375
1.2619,2.0577,0.7804,-1.6112,-1.2668,-0.01562,-0.34155,-0.32135,0.37653,1.3161,0.43881,-0.73218,-0.45291,-0.23732,-0.31179,-0.17556,0.14093
0.48068,2.8691,-0.66346,-1.9702,-0.14189,-0.20263,-0.033046,-0.61742,0.094499,1.0975,0.96841,-0.3596,-0.93061,-0.26381,0.059299,0.18718,-2.2142
3.1072,1.2578,0.29757,-0.61265,-0.2895,-0.29068,-0.53147,-0.70368,0.56479,2.546,0.17201,-1.568,-0.11917,-0.17191,-0.74624,-0.090452,-0.07794
-2.8311,2.7754,1.194,-1.1875,-0.84995,-0.67524,-0.32464,-0.26992,0.50684,1.3838,0.48528,-0.55083,-0.77046,-0.40606,-0.29776,-0.36107,0.1918
-1.5641,2.7925,0.38055,-1.7459,-0.578,-0.25198,-0.14195,-0.39565,0.79159,1.8939,0.19335,-1.1562,-0.62062,-0.15867,-0.42003,-0.17815,0.62675
-2.816,2.926,0.99045,-1.4539,-0.70608,-0.45815,-0.25125,-0.65364,1.0653,1.5666,-0.048806,-0.93342,-0.65381,0.093673,-0.47514,-0.23688,0.011476
-2.563,2.8382,0.40725,-1.6794,0.057289,-0.32146,-0.49105,-0.13743,0.78021,2.0712,0.028104,-1.2456,-0.17825,-0.3602,-0.6477,-0.2537,-0.36978
-1.9983,2.7299,0.6976,-1.7513,-1.152,-0.23658,0.017456,-0.18659,0.68963,1.5897,0.097041,-0.80003,-0.23409,-0.54073,-0.46901,-0.095946,0.18535
-3.6629,3.1119,1.3948,-1.7287,-0.81816,0.0076552,-0.36485,-0.27683,0.46384,1.8306,-0.055752,-0.98341,0.14809,-0.3292,-0.94401,-0.60035,3.7296
-0.6227,2.2061,0.53286,-1.5846,-0.75387,-0.15809,-0.4491,-0.25469,0.95806,1.1807,0.47091,-0.31138,-1.4006,-0.54384,0.075273,-0.26704,0.14323
-0.74574,2.4572,0.29016,-1.5126,-0.30467,-0.17588,0.055861,0.65417,0.3349,1.3145,0.47232,-1.0985,-1.1407,-0.25325,-0.051758,-0.79282,1.8195
1.4071,1.7356,0.0051748,-0.67642,-0.42533,0.047543,-0.16268,-0.078861,0.64861,0.6103,1.741,-0.64076,-0.82617,0.30804,-0.91751,-0.21852,-0.19759
-3.6288,2.9441,1.4218,-1.6534,-0.58972,-0.47342,-1.0055,-0.090027,0.66782,0.50888,-0.11163,-0.26175,0.26148,0.113,-0.91281,-0.54873,1.0144
-2.169,2.336,0.44599,-1.7664,-0.1606,-0.11276,-0.5651,0.35587,0.31836,1.3966,1.3238,-1.0322,-1.4536,-0.15787,-0.32447,-0.67364,1.7302
-2.2853,3.0686,-0.11632,-2.3509,-0.29674,-0.13638,-0.27964,0.27324,0.11228,1.0447,0.92587,-1.0459,-0.80928,-0.45707,0.057136,0.50902,-1.5884
-3.1454,3.3391,0.23808,-2.1643,-0.57458,-0.27679,-0.37075,0.11781,0.12344,0.91847,0.49426,-0.28324,-0.36887,-0.92813,0.088357,0.16418,-0.48384
-2.3429,1.8958,-0.20798,-1.4071,0.46066,-0.09243,-0.66283,-0.0012304,0.8965,1.7908,0.6328,-0.66203,-0.84405,-1.1086,-0.55468,0.35359,0.97032
-1.2588,2.4896,0.63731,-1.9648,-1.0233,0.11116,-0.34063,-0.12762,0.87987,1.0324,0.62128,-0.87448,-0.88688,-0.031019,-0.39677,-0.22059,-0.18609
-2.6713,2.8537,0.42009,-1.0235,0.062907,-0.92804,-0.57548,0.011098,0.6015,1.697,0.90909,-1.5009,-0.65904,0.002888,-0.92169,0.082793,1.2846
4.1685,-0.93101,-1.1684,-0.063156,0.3178,0.22617,-0.20196,-0.56986,0.97821,2.6007,-0.19012,-1.7023,0.035322,0.16822,-0.72199,-0.53481,0.96505
1.2457,2.4469,-0.64332,-1.4793,0.043175,-0.20469,-0.35784,0.21927,-0.046972,0.72423,0.26702,-1.32,-0.37082,0.15856,-0.45235,-0.71049,1.8775
-3.4716,1.9491,1.5988,-0.44629,-1.1666,-0.7013,0.13238,-0.63269,0.97233,1.6066,0.024109,-0.20383,-1.3661,-0.5843,-0.026332,-0.5536,1.5825
-3.2015,3.1962,0.38494,-2.2044,-0.64571,-0.23647,-0.069783,-0.17665,1.5279,0.80929,-0.82923,-0.63713,-0.10323,-0.11687,-0.53688,0.32613,-1.183
-3.8958,2.906,0.13811,-2.6672,-0.40766,-0.030928,-0.44609,0.3724,1.051,0.70636,-0.82772,-0.3744,-0.11833,-0.43225,0.055341,-0.045133,0.56736
-2.0322,3.2964,-0.78811,-2.145,0.12717,-0.27484,-0.10708,-0.33111,1.1168,1.3951,-0.46909,-0.86776,-0.19691,-0.30067,-0.46655,-0.036532,-0.10681
-3.0812,2.7833,1.001,-1.8066,-0.95271,-0.30082,-0.42223,0.085384,0.43227,1.4669,0.49714,-0.78938,-0.35737,-0.5645,-0.49025,-0.19923,0.99419
-2.6838,3.3966,0.34249,-2.9611,-0.41374,0.17989,-0.25421,-0.039931,0.62025,1.1698,-0.39887,-0.45118,-0.47875,-0.058261,0.14438,-0.41608,1.3136
-1.4369,2.6828,-0.49935,-2.1393,-0.33435,-0.0031594,-0.082009,-0.38383,1.1883,1.5178,-1.3009,-0.84279,0.52486,-0.49394,-0.57504,0.029312,1.0775
-2.7334,1.6991,0.89629,-0.8909,-0.80965,-0.37171,-0.18325,-0.18903,1.8828,1.6604,-1.0313,-0.63472,-0.28409,-0.87034,-0.57405,0.093856,0.68379
-2.3345,2.4982,0.45447,-1.2632,-0.75197,-0.60765,-0.01546,-0.53354,1.4,1.7045,-0.16544,-0.74044,-0.95953,-0.10059,-0.355,-0.45626,1.4183
-3.1704,3.4196,0.23336,-1.7881,-0.43836,-0.51645,-0.27745,-0.39676,0.98544,1.1151,0.045108,-0.46468,-0.8717,-0.23903,-0.1109,-0.35298,0.71598
-4.4492,3.658,0.11935,-2.3497,-0.30537,-0.0613,-0.014145,-0.2942,1.1452,1.2386,-0.070871,-0.3904,-0.39746,-0.59918,-0.6399,0.060479,0.45904
-2.91,2.664,0.72116,-1.4763,-0.79724,-0.6288,-0.35265,-0.11553,0.91658,1.2002,0.67939,-0.66841,-1.0006,-0.25835,-0.3415,-0.03003,-0.35282
-2.5166,2.2326,1.4369,-0.25406,-1.0164,-1.2106,-0.44479,-0.3354,1.7064,0.69378,-0.00048,-0.51405,-0.52166,0.28908,-0.82139,0.12471,-0.79769
0.61248,2.6423,-0.38282,-1.7778,-0.39143,-0.41073,-0.22689,-0.23269,0.62133,1.2841,0.43149,-0.25604,-0.52345,-0.70861,-0.39632,0.11965,-0.21272
0.27666,1.7956,0.57766,-1.036,-0.85835,-0.58746,-0.31359,0.12608,-0.10041,1.1786,1.075,0.11995,-0.92275,-1.3052,-0.1775,-0.15205,0.4245
-2.9306,2.939,0.32908,-2.0619,-0.459,-0.03191,-0.19018,-0.2736,1.3607,1.7613,-0.50038,-1.1611,-0.079816,-0.3018,-0.64744,0.16506,-0.028017
-3.6759,3.7888,0.74822,-2.8185,-0.36549,0.30183,-0.73433,-0.022022,0.36156,0.15801,0.71154,0.0066485,0.076003,-0.38746,-0.87645,0.43695,-1.0096
-0.16873,2.7191,-0.023351,-1.2811,-0.9032,0.13319,0.4613,-1.6876,2.1646,1.3877,-1.1922,-0.81646,-0.33904,1.1732,-0.53812,-0.65613,2.0906
-5.3821,3.0375,0.14185,-2.0908,-0.28485,-0.36226,0.3437,-0.40691,0.62327,1.988,-0.48186,-1.6709,0.0082046,0.24792,-0.73839,-0.28116,0.55545
-2.6538,3.0627,0.34804,-1.7014,-0.4426,-0.41556,-0.25996,-0.29391,0.010251,1.1276,0.50067,-0.53867,-0.58121,-0.44075,-0.24738,-0.44861,0.48688
-4.6148,3.1883,0.75522,-1.7292,-0.50294,-0.38581,-0.18277,-0.22931,0.70276,1.4789,0.68642,-0.98046,-0.9576,-0.22076,-0.56483,-0.14609,0.95055
-0.63836,1.5122,-0.084639,-1.0759,-0.44882,-0.30471,-0.189,0.27898,1.2718,1.4743,0.59986,-1.1375,-0.83792,-0.39675,-0.40898,0.46915,-0.44158
-1.5369,1.6394,0.26953,-0.87884,-0.62505,-0.20151,-0.14954,-0.13581,0.53151,1.8161,1.2683,-1.4055,-0.71076,-0.041674,-1.058,-0.59734,1.9312
-5.7208,3.439,0.72774,-1.4839,-0.72655,-0.51558,-0.27717,-0.59122,0.8222,0.9421,0.65133,-0.83747,-0.5653,0.26999,-0.73226,-0.52565,0.44142
-2.3374,2.7705,0.9312,-1.4152,-1.0948,-0.59712,-0.12006,-0.10407,1.0325,0.77045,0.32774,-0.12029,-1.0634,-0.4698,-0.29446,-0.10086,0.41436
-7.631,4.0808,1.0634,-2.4812,-0.68891,-0.10306,-0.028452,-0.1939,1.4202,0.36652,-0.31902,0.4988,-0.95734,-0.57168,0.36872,-0.081668,-1.6851
-3.5549,3.4988,0.073832,-2.3404,-0.17847,-0.42797,-0.34098,0.067682,0.47594,1.0037,0.47917,-0.51999,-0.66434,-0.16963,-0.48281,-0.43475,1.4104
-2.7656,3.2874,0.95161,-1.7018,-0.39433,0.12355,-0.19179,-0.39803,-0.45254,1.9631,0.71885,-1.2846,0.19178,-0.46287,-0.055954,-0.017985,-3.4873
-0.70855,-0.95239,-1.3059,-0.040052,0.066089,0.22369,0.38316,0.59566,1.2662,0.49949,-0.18418,-1.7228,-0.37275,1.1417,-0.16221,-0.7729,0.39779
-0.17875,1.6237,1.1595,-1.3471,-1.3085,-0.1332,0.0069671,-0.30996,0.22922,1.9542,0.53721,-1.092,-0.46073,-0.17989,-0.68858,-0.5267,0.37278
-3.9789,2.7938,0.57622,-1.9294,-0.29383,-0.3779,-0.29138,-0.42083,-0.073907,1.6925,0.10028,-1.1898,0.69447,0.23164,-1.3679,-0.72495,0.76101
-2.1114,2.6585,-0.22043,-2.3045,0.29765,0.47311,-0.47499,-0.30709,0.73272,2.3519,-0.29255,-2.011,0.034161,-0.038672,-0.54853,-0.1231,0.56975
0.30342,2.6967,-0.6436,-1.9812,0.27258,-0.083225,-0.45919,-0.43398,0.80708,2.0841,-0.33628,-1.4452,0.020983,-0.091717,-0.56326,-0.19593,0.096936
-3.3943,2.6154,1.4104,-0.26572,-0.019931,-1.1237,-0.83579,-0.45693,-0.04658,0.69287,1.2062,0.041433,-0.27004,-0.043299,-0.33106,0.057164,-2.9849
2.5439,0.10238,-0.57964,-0.51326,0.08105,0.020128,-0.18823,0.16382,1.2933,1.1175,-0.12681,-0.71698,-0.40149,0.4737,0.17816,0.43176,1.4999
-0.78107,0.712,-0.31959,-1.0559,-0.036911,-0.080209,0.22359,-0.048751,2.7189,0.77304,-2.6275,-0.19819,0.02926,-0.037766,0.20719,0.73983,-0.26651
-3.4632,2.6432,0.27693,-1.797,-0.016745,0.16162,-0.096843,-0.21834,0.4817,2.155,0.62353,-1.5998,-0.51565,-0.26036,-0.63367,-0.002662,0.24463
-1.991,-1.9242,-0.45294,0.73126,0.21066,-0.23252,-0.35369,0.41322,1.0617,0.97394,0.46178,-0.94312,-0.82078,-0.22718,0.066187,0.55265,0.45965
-2.8955,3.0714,0.68582,-0.22888,0.12279,-0.74335,-0.94453,-0.9574,0.39106,1.0235,0.24562,0.078692,0.081042,-0.50975,-0.36725,-0.74733,0.095993
-4.6505,2.1703,-0.84276,-1.9207,0.55587,0.095702,-0.54019,-0.45869,0.31612,1.6515,0.6489,-0.2623,-1.8578,-0.60843,1.5021,-0.68465,0.9708
-3.74,2.4367,0.71698,-2.4312,-0.95343,0.038311,-0.31087,0.38144,0.98807,1.5281,-0.35732,-0.92247,0.15853,-0.19053,0.14383,0.32398,-0.21377
-2.0964,1.101,-0.29441,-1.1816,-0.4782,-0.26097,0.3943,0.52924,2.2329,0.064774,-0.93546,0.32168,-0.78002,-0.10957,0.11852,0.53026,1.2929
-2.9528,-0.7945,0.35795,0.043345,-0.10278,0.065253,0.16949,0.92059,0.91265,0.67228,-0.097728,-0.65949,-0.28939,-0.12409,-0.04617,0.15754,0.82773
-0.75189,1.0571,0.35397,-1.2063,-1.3196,-0.27097,-0.4918,-0.11429,0.91879,1.2346,0.77816,-0.33593,-0.64084,-0.62942,-0.24959,0.089615,0.07209
-3.6161,3.1228,0.68011,-1.8116,-0.22706,-0.70861,-0.11299,0.58917,0.96258,0.89371,0.35134,-0.58484,-1.4087,-0.097512,-0.042432,-0.27243,0.27503
-6.3174,3.7636,0.72167,-1.481,0.61044,-0.65832,-0.89176,-0.31149,0.59796,1.4941,0.71194,-0.73991,-0.47443,-0.41444,-0.9199,-0.085388,1.0965
-2.8338,2.4597,1.0232,-0.58836,-0.53538,-0.48536,-0.42089,-0.53032,0.74599,1.367,1.0006,-0.13955,-1.2164,-0.56194,-0.25718,-0.52306,1.1189
-4.4698,2.9077,-0.52276,-2.7901,0.15617,0.77499,-0.47529,-0.12969,0.18668,0.90797,0.89095,-0.70419,-1.4381,-0.36093,0.63921,-0.22243,1.4167
1.2024,1.3696,1.5658,0.42423,-0.77453,-0.89247,-0.53716,0.090826,-0.95174,0.69479,1.348,-1.2763,-0.046175,0.1695,-0.64367,0.18953,-0.04335
-3.023,3.3815,0.20626,-2.4849,-0.52358,-0.19176,-0.34348,0.0045219,0.79228,0.41554,-0.0032764,-0.052271,-0.56092,-0.22814,-0.13144,-0.12152,0.35492
-6.7849,4.1474,0.45557,-2.9166,0.20008,-0.13591,-0.25704,0.11302,-0.044875,1.4679,0.079207,-1.1841,0.30304,-0.028011,-0.94174,-0.40917,1.4273
1.3968,-0.094504,1.3056,0.61462,-0.93838,-0.59837,-0.49657,0.39697,1.0508,1.0058,-0.015125,-0.30726,-1.217,-1.1144,-0.34137,-0.11797,3.9125
-4.7321,3.4403,-0.31912,-0.60943,-0.28045,-1.2257,0.38603,-0.88123,1.0307,1.3056,0.3396,-0.89527,-1.0911,-0.028756,-0.29466,-0.15936,0.39614
-3.2208,3.0002,0.1954,-1.1109,-0.09965,-1.1613,-0.37934,-0.1164,1.7456,0.99131,-0.089576,-0.073987,-0.29773,-0.35006,-0.041215,0.88761,-3.913
-3.231,2.7902,0.4567,-2.0297,-0.18914,0.19891,-0.42806,-0.092588,0.53075,1.3598,1.3457,-0.9435,-1.4973,-0.11561,-0.27074,-0.31815,0.7404
-4.553,2.7179,1.3107,-1.4492,-0.81069,0.41568,-0.60904,0.2711,0.64232,1.1443,0.563,-0.67505,0.29065,-0.77913,-0.86729,-0.46535,1.2709
-2.9795,-0.084532,0.26052,-0.095274,0.31653,0.3577,-0.06201,-0.34484,2.1469,0.61521,-0.68833,-0.87982,-1.5931,1.0987,0.60807,-0.16033,0.97389
2.2114,0.95642,-0.90364,-0.93912,0.44839,-0.16314,-0.3847,-0.24387,1.885,2.1,-1.3753,-1.4122,-0.10652,-0.18443,-0.4103,0.084598,0.67358
-5.5854,2.5066,0.022552,-1.0517,-0.10745,-0.83605,0.27572,-0.78188,1.9076,1.4776,-0.69363,-0.67732,-1.2322,-0.058905,-0.42053,0.024288,1.8684
-1.5603,3.1197,-0.10291,-2.4884,-0.21466,0.11105,-0.40135,-0.13801,0.69564,1.4984,0.078905,-0.96442,-0.41185,-0.28055,-0.35599,-0.080542,0.85951
-6.7995,3.6912,0.50551,-2.3715,-0.34483,-0.44561,0.10676,0.32938,1.0625,1.0159,-0.07498,-0.71603,-0.63567,-0.39377,-0.35377,0.2546,-0.042947
-6.3051,3.4318,0.39587,-2.2604,0.15769,-0.082864,-0.42188,-0.16545,0.78588,1.936,0.032581,-1.0239,-0.55313,-0.63525,-0.33083,-0.1262,1.2079
-0.83514,2.1778,-1.0565,-1.3757,0.37569,-0.48678,-0.29604,-0.38329,2.0713,1.7399,-1.2013,-1.1951,-0.3813,-0.080852,-0.23594,0.2638,0.84764
-4.8747,3.3702,1.1435,-1.7153,-1.2513,-0.48316,0.38551,-0.6075,0.78067,1.3665,-0.30677,-0.44637,-0.25484,-0.32164,-0.42653,-0.19297,0.079013
-4.7833,2.8219,1.0882,-2.0877,-1.0892,-0.16089,-0.16531,-0.39269,1.4324,1.1928,-0.96462,-0.14348,-0.35956,-0.24048,0.030748,-0.64175,0.18259
-4.0136,2.2095,0.3885,-1.4797,-0.2287,0.011448,-0.11496,-0.39561,1.4988,1.7482,-0.20064,-1.045,-1.1799,-0.29243,-0.33136,-0.21909,1.7538
-2.5657,2.5352,-0.0935,-1.8359,-0.044484,0.062117,-0.20398,-0.091944,0.31154,1.7734,0.66206,-0.58324,-1.3868,-0.96072,0.28534,-0.50591,1.5431
-3.5657,2.6334,0.57217,-1.8647,-0.28584,0.13448,-0.66587,-0.87329,0.25097,1.9154,0.80013,-1.6217,-0.72722,0.39266,-0.31471,-0.42119,0.29831
-4.0834,3.4992,0.30989,-2.174,0.12216,-0.13125,-0.73703,0.015944,0.31706,1.1024,1.2576,-0.46903,-0.94879,-0.40218,-0.50591,-0.49508,0.91893
-2.5074,1.1581,1.3155,-1.6301,-1.0242,0.19482,-0.92445,0.33224,1.2371,1.4656,0.59117,-1.4241,-0.76395,0.31971,-0.53735,-0.53151,0.70697
-6.6991,3.2373,1.3365,-1.3512,-0.93024,-0.7064,0.015725,-0.1187,0.95541,1.0298,0.31385,-0.1227,-1.0461,-0.70917,-0.22955,-0.18066,0.88125
-3.7676,3.3235,-0.0098823,-2.9912,-0.28703,0.11313,-0.055648,0.21927,-0.23582,0.8338,0.85361,-0.4051,-0.80708,-0.39274,0.25513,0.21405,-0.52569
-1.4087,2.4832,0.020619,-1.6336,0.081651,-0.27773,-0.52436,0.044741,0.5629,2.3335,0.23289,-2.1153,0.05644,0.025232,-0.87206,-0.048177,0.84726
-3.4435,3.1177,0.96593,-1.7378,-0.80412,-0.20956,-0.31799,-0.22384,0.28894,1.7616,0.55391,-0.99688,-0.31179,-0.57696,-0.34479,-0.099885,0.027114
-0.41741,2.2543,0.62369,-1.6664,-1.0422,-0.2241,-0.34687,-0.20218,0.22838,1.2326,0.71377,-0.54957,-0.58955,-0.549,-0.2808,0.029245,-0.2266
-4.0087,3.2481,0.20097,-1.9546,0.22083,-0.58466,-0.84077,-0.181,0.52709,1.252,0.47033,-0.50598,-0.47769,-0.5639,-0.64477,-0.014327,0.54751
-1.4113,2.5451,0.99849,-1.4118,-0.58122,0.096299,-0.39362,-0.21378,-1.2636,0.39738,1.4943,-0.093732,-0.3503,-0.47906,-0.60475,-0.48593,2.0101
-2.8542,3.0747,0.03394,-2.7378,-0.29389,0.26383,-0.49886,0.28753,-0.12614,-0.045509,1.2796,0.20439,-0.73189,-0.61133,-0.34107,0.19023,-0.078532
-5.4593,2.1474,1.458,-0.91448,-0.58963,-0.66364,-1.3442,0.044219,0.48947,1.0742,1.0012,-0.95993,-0.055274,-0.66997,-0.52365,0.67896,-2.505
-3.6566,2.9463,0.31853,-1.9223,0.16569,0.20364,-1.0423,-0.63051,-0.038039,1.7143,0.9446,-0.89652,-1.2094,-0.41495,0.63319,-0.50293,0.63319
-2.6187,3.1057,-0.28184,-2.0611,0.052942,-0.16549,-0.27423,0.020367,1.3244,0.89219,0.21294,-0.61231,-1.2138,-0.49433,-0.093372,0.34339,-1.1422
-6.5004,1.9408,0.46303,-1.5222,0.2671,-0.00030806,-0.6292,0.42808,0.91511,1.9969,-0.27422,-0.80919,-0.30372,-1.1549,0.01856,-0.1001,2.1984
-7.0661,3.6947,0.87702,-2.1229,-0.32863,-0.1647,-0.85982,0.0018684,0.57526,0.83739,0.69326,-0.10071,-0.10567,-1.4162,-0.41784,0.87084,-1.403
-2.4416,2.5762,0.57226,-1.3931,-0.75543,-0.4321,-0.0096026,-0.43828,1.1452,1.5899,0.091999,-0.48979,-1.1039,-0.36087,-0.3305,-0.55422,1.6968
-0.68021,1.1732,0.97501,-0.24906,-0.66482,-0.12996,0.45502,0.45517,-0.054172,1.9722,-0.0047046,-1.8771,-0.17504,-0.27587,-0.24605,-0.53671,0.83567
-3.4412,2.0044,1.148,-0.79943,-0.84867,-0.37089,0.01352,0.099434,-0.048948,1.3282,1.3301,-0.41703,-1.4735,-1.1524,-0.22111,-0.064561,2.4358
7.6418,-0.7369,-1.4509,-0.17172,0.20466,-0.024033,-0.46292,0.14666,0.67098,2.0988,0.38448,-2.2728,0.06149,0.12595,-0.73712,0.56724,-0.65118
-2.9908,2.5781,1.348,-1.9459,-1.2029,-0.23477,-0.27497,-0.23019,0.16797,1.4878,0.22964,-0.91117,0.13943,-0.044376,-0.63824,-0.21743,-0.037025
2.2834,-0.80002,-0.16232,0.29837,0.11975,-0.20192,-0.5349,0.039664,1.0955,2.052,-0.16835,-0.51548,-0.79089,-1.3562,-0.042397,0.015209,0.77284
-1.056,-0.065097,0.44551,0.17487,0.026116,0.56148,-0.049862,-0.332,0.86734,1.6673,0.00078843,-0.70954,-0.70603,-0.91059,-0.095892,0.0028984,0.86505
-1.6805,2.5918,0.48563,-2.4866,-0.76074,0.21567,-0.50808,-0.061836,0.95849,1.271,-0.034796,-0.28569,-0.43016,-0.6337,-0.16587,-0.039758,0.0033668
0.65804,1.7434,0.22176,-0.45885,-0.61741,-1.1172,0.80246,-0.24831,1.7674,1.1212,-0.83832,-0.41549,-1.2777,0.35009,0.08554,0.14067,-0.11276
-4.8705,1.0515,1.3348,-1.4015,-0.49457,-0.56683,-0.5145,0.91217,0.58899,1.1252,0.86719,-0.79632,-0.58595,-0.061819,-1.4752,-0.069108,4.5812
-4.5498,3.3857,1.5208,-2.7569,-0.72561,0.35539,-0.60207,0.36314,0.60456,0.50424,-0.27466,-0.25047,-0.46015,-0.30276,-0.34711,-0.51485,2.782
-6.4821,3.0911,-0.00402,-1.7554,1.0274,-0.91455,-1.088,-0.2516,0.65487,0.87113,0.29922,-0.14861,-0.54453,-0.9123,-0.60479,0.9322,-0.84469
0.35018,-0.82389,-0.049099,-1.2555,-0.79802,1.3333,-0.34302,0.51789,1.0264,0.88637,0.21927,-0.56566,-1.1906,-0.18159,0.59945,-1.3777,1.5576
-4.6053,-1.125,0.17806,0.57957,0.382,-0.10521,-0.086281,0.033187,0.24552,0.98706,1.5213,-0.73133,-1.516,-0.29619,-0.17759,0.42252,1.1573
-0.11527,-2.3169,-1.3297,0.59982,0.13372,-0.7169,0.22703,0.22661,0.43748,0.59717,-0.219,-0.25595,-0.44514,-0.45363,0.43799,0.92441,-0.30851
-1.8034,-0.334,0.71554,0.34128,-0.066733,0.60293,0.20365,-0.11651,0.90398,1.2592,-0.64748,-0.41589,-0.48711,-0.64768,0.20839,-0.16806,2.2639
0.51754,-1.7844,-1.1059,0.18137,0.48555,-0.038757,0.10745,0.50243,0.055215,0.88849,0.40276,-1.5885,0.32763,0.43569,-0.61627,1.4688,2.2919
-1.9589,2.5492,0.26172,-2.3326,-0.80916,0.28574,-0.73581,0.24545,1.362,0.56621,0.10602,-0.47343,-0.62432,-0.64734,0.16991,0.48456,-2.1656
-4.69,3.356,1.5492,-2.5047,-1.0278,0.14581,-0.54905,-0.029331,0.55084,0.96864,0.12691,-0.64436,-0.06825,-0.053172,-0.48163,-0.26178,0.39647
-1.9177,3.0891,0.30504,-1.6486,-0.34539,-0.47243,-0.86333,-0.41881,1.3598,0.83967,-0.23923,-0.45529,-0.12876,-0.64624,-0.38469,1.0063,-1.8217
-4.1175,3.2541,1.4083,-1.7087,-0.84385,-0.37889,-0.52012,-0.31253,0.06135,1.2378,-0.20211,-0.42937,0.55383,-0.48075,-0.48769,-0.27308,0.62465
-2.9312,3.1325,-0.21227,-2.4776,-0.04072,0.43947,-0.16353,0.27939,-0.7598,0.42935,1.0492,0.74701,-1.1241,-1.3,0.82149,-1.0149,0.38991
-3.8389,2.0807,1.1357,-1.4647,-1.265,-0.38434,0.223,0.41356,-0.034792,1.1996,0.94808,-0.10941,-1.1553,-1.0732,-0.17154,-0.45161,2.5307
-0.91981,3.2983,-0.27235,-2.1742,-0.083602,-0.30086,-0.30849,-0.19944,0.72472,1.22,0.25709,-0.89562,-0.8021,-0.40505,0.27181,1.0521,-2.0174
1.0463,-0.54879,-0.21458,0.26358,-0.0040725,0.060566,0.025718,-0.55929,1.1998,2.3134,-0.46942,-0.69963,-0.73453,-1.0684,-0.093718,0.035861,1.4017
-2.4081,2.9844,0.13931,-2.0942,-0.6206,-0.22877,0.08826,-0.12427,1.0167,1.6732,-0.24095,-1.4041,-0.16371,-0.054275,-0.45868,0.29688,-0.72884
-5.3956,2.4977,0.34981,-2.4135,-0.53261,0.0052637,-0.37147,0.33268,0.59483,0.74939,0.76967,-0.86118,-0.92763,-0.60269,0.33618,1.2182,-3.1252
0.39345,2.4559,-0.66127,-1.5827,-0.09549,-0.50333,-0.16934,-0.084948,0.82554,1.086,0.46267,-0.84837,-1.3091,-0.37002,0.32118,0.4775,-2.421
-1.1359,1.5582,0.87802,0.6136,0.13609,-1.7621,-0.98671,-0.1315,-0.23273,0.65963,1.1746,0.30347,-0.30738,-0.41657,-0.71161,-0.47403,0.16857
-0.23248,0.37364,0.8907,0.3223,0.44085,-0.16694,-1.5983,-0.74062,-0.63393,0.1408,0.81953,1.1206,0.59477,-0.78533,-1.0102,-0.78966,1.5481
-0.8142,1.1357,1.1593,0.6295,-0.097416,-0.79057,-0.66441,-0.82013,-0.80526,0.32359,0.68122,1.0822,0.77299,-0.80079,-0.94319,-0.38322,0.20421
-0.48693,1.684,1.0496,-0.88869,-0.087876,-0.10431,-1.5116,-0.47568,0.053064,0.35948,0.23767,0.61057,0.4893,-1.0312,-0.68633,-0.064985,-1.2626
-1.8232,1.0683,2.0473,0.14612,-0.54661,-0.61722,-1.1548,-0.44655,-0.32981,0.25302,0.21723,0.63617,0.42716,-0.38233,-0.61502,-0.67375,1.184
-2.0885,1.4442,0.76398,1.3976,0.4683,-1.1026,-0.53909,-0.73069,-0.70124,0.3266,0.86925,0.53298,0.3814,-0.092681,-0.41544,-0.90534,0.62534
-3.5754,2.7339,0.86839,-0.73703,0.51676,-0.68643,-1.3107,-0.55254,-0.11075,0.35199,0.54157,0.51571,0.52154,-0.80904,-0.87103,0.1099,-1.6372
-2.4424,1.2442,0.86189,1.5497,0.14437,-1.4847,-0.72235,-0.30697,-0.52798,-0.10521,1.4536,0.85341,-0.18617,-0.84302,-0.29674,-0.081091,-0.84746
1.2293,0.9407,1.5034,-1.1166,-0.81941,0.44752,-1.5462,0.31073,0.79663,0.3672,1.1057,0.30778,-0.19905,-1.2382,-1.3435,0.36342,0.79429
3.4992,-1.1042,0.26114,1.7662,0.68178,-0.48945,0.094569,0.37371,-1.0643,-0.71108,0.29857,1.5516,0.19019,-1.3278,0.85445,0.86363,-4.5715
-2.1839,4.0232,-0.013152,-1.8151,-0.08694,-0.42822,0.2635,-0.28185,-0.099184,0.541,1.0996,-0.67423,-1.1772,0.20081,-0.13053,-0.11434,-0.83373
-0.60497,0.90614,0.81541,0.83901,1.1017,-1.5172,-1.7442,0.34457,-0.27328,0.53551,1.2206,0.38798,-0.26909,-0.80299,-0.67352,-0.28465,0.10768
-4.5868,2.9159,1.4124,-1.6609,-0.79646,-0.44506,-0.5361,-0.15545,0.11087,1.042,1.0412,0.028234,-0.8146,-0.78817,-0.24914,-0.054648,0.014976
-1.4793,0.50559,1.133,0.34186,-1.4585,-1.0309,-0.28414,0.18561,1.9539,0.084791,0.70802,0.63912,-1.5771,-0.45726,0.31454,0.68265,-0.53104
-5.2595,3.2575,0.95746,-1.7111,-0.053323,0.032802,-0.70842,-0.086338,-0.0081936,-1.7393,1.6557,1.8203,-1.1048,-0.42118,-0.56235,0.015687,0.49961
-3.636,1.908,0.86798,1.2982,-1.158,-1.4857,0.89035,-1.1518,0.28337,0.86424,0.84526,-0.28854,-0.5481,1.3902,-0.087683,-1.8242,1.0179
-1.2958,1.3974,1.1284,1.1107,-1.2,-1.4816,0.51391,-0.53219,-0.096408,0.79227,1.4333,0.054453,-0.33977,-0.011335,-0.39611,-0.20379,-2.0857
-2.0696,0.28713,0.39332,1.3816,1.1674,-0.32113,-1.0892,-0.59968,-1.1112,-0.38409,0.98883,0.42474,0.47882,-0.90752,-0.09076,0.5166,-3.5589
-3.4341,2.7666,0.69593,-2.2888,-0.83341,0.042792,-0.42496,0.38523,0.073825,-0.86515,1.5406,1.2261,-1.0501,-0.67706,-0.32378,0.12599,0.53778
-5.501,2.7865,1.2988,-1.5696,-0.73483,-0.77363,-0.48974,0.008216,0.52329,1.0549,0.53977,-0.58929,-0.70763,-0.20157,-0.64565,-0.20599,1.6357
-0.42811,2.454,0.71715,-0.97738,-0.54655,-0.82797,0.018444,-0.15528,-0.0036099,1.3318,0.53732,-0.045323,-0.76025,-1.2084,-0.36811,0.20511,-0.40179
-1.6239,1.4769,1.1425,0.81589,0.59474,-0.80085,-0.53013,-0.0046167,-1.2602,-0.061757,0.017628,0.36363,0.86862,-0.53975,-0.62477,-0.52551,2.4608
-0.9284,-0.57789,0.61794,2.2913,-0.051406,-0.22002,0.78019,-0.83336,-1.0268,-0.90844,0.67713,1.4271,-0.031969,-0.34113,-0.01539,-0.55537,0.72413
-2.2735,2.445,0.38732,-0.13608,-0.59691,-1.6449,0.65747,-0.45281,0.44423,1.4254,-0.02594,-0.16862,-1.2065,-0.63745,-0.23494,-0.46274,2.0415
1.7658,0.71222,-0.18587,0.70685,2.1626,-0.42455,-1.2901,0.63072,-0.63224,-1.0293,0.39564,1.1732,-0.1343,-0.93632,-0.023801,-0.019379,-0.57428
0.58055,1.7127,1.4148,-0.85606,-1.3565,0.32691,0.0056704,-0.34959,-0.89437,-0.43127,0.89335,1.734,-0.062029,-2.09,0.43892,1.1974,-3.9338
-2.0932,1.7088,2.2938,-1.2296,-1.2691,0.59078,-0.25156,-0.67751,0.20647,1.8326,0.15928,-0.62536,0.31567,-0.20467,-0.88592,-0.85112,-0.12692
-2.4637,3.4226,0.13687,-2.1421,-0.53864,-0.15075,-0.12098,-0.081432,0.65401,0.93286,0.0054245,0.32692,-0.37085,-1.0861,-0.33536,-0.41807,1.235
0.66667,2.0799,0.32705,-0.057278,-0.62042,-1.1184,-0.28758,-0.67022,-0.33619,0.90471,1.2629,0.26117,0.056619,-0.61827,-0.64003,-0.02177,-1.2322
-1.892,2.285,1.4226,-0.062899,-1.171,-0.77056,0.13021,-0.84167,-0.21959,0.78022,0.79731,0.60832,-0.077675,-1.1465,-0.45995,0.19713,-2.0566
-5.6631,2.1932,2.1629,-0.39906,-1.4123,-0.51781,-0.04819,-0.28426,-0.15778,0.31846,1.0229,-0.13209,-1.0417,-0.37705,-0.036759,-0.47075,-0.36838
-0.59071,0.085466,1.4534,1.7663,0.29654,-1.9122,-1.5179,0.15397,-0.083562,0.23503,0.67655,0.070226,-0.24565,-0.018453,-0.063823,-0.054786,0.33772
-0.035409,0.76986,1.4233,0.83054,-0.32374,-0.21936,-1.4428,0.018786,-0.13667,0.5279,1.4439,0.12389,-0.024905,-0.93597,-0.15153,-0.0078027,0.82093
-4.097,1.4641,1.6522,-0.30191,-1.4633,-0.64458,-0.10446,-0.45386,1.0907,1.3033,0.61419,-0.4195,-1.3527,-0.021401,-0.030552,-1.041,-0.14113
-1.8233,-0.7896,0.021021,-0.29618,-0.31497,0.6498,-0.13776,0.28279,1.63,0.49506,0.20565,-0.2206,-0.99271,-0.24458,-0.36623,-0.15078,2.6865
-0.019864,1.6645,0.98546,-0.45411,-0.55133,-0.73352,-0.15886,0.11233,-0.54181,0.54694,1.3281,1.1358,0.076566,-1.6935,-0.71695,0.70754,-2.2808
0.39532,0.0081798,0.294,2.692,0.58551,-1.9179,-0.47627,-0.6232,-0.20406,0.052361,0.22262,0.65327,0.052452,-0.29304,0.22668,0.35535,0.48002
1.0164,-0.43033,-1.6315,1.933,-0.61019,-1.3614,1.4999,-0.54951,1.0486,0.44373,-0.37035,-0.24734,-0.15891,-2.0375,-0.33572,3.0299,-2.6721
0.70343,0.22513,2.6968,0.12868,-2.2285,-0.22586,0.1009,-1.0788,0.32332,1.1372,-0.12098,-0.12086,0.27674,-0.53557,-0.87877,0.73293,-1.971
-4.34,0.14613,0.5805,1.7789,-0.067847,0.26556,0.49,-0.90608,-0.90651,-1.158,1.2504,0.85686,-0.47211,0.20693,-0.39685,-0.92862,5.9256
-1.1255,1.3416,1.3083,-0.0035771,-0.4361,-0.53378,-0.76926,-0.22247,1.7139,0.9603,0.2313,-0.13316,-1.2867,-0.78016,0.062966,0.80211,-1.227
-10.182,4.0133,1.0932,-2.287,-0.72611,-0.12905,-0.055361,-0.5579,0.98928,-0.068516,0.58246,0.80986,-1.0103,-0.44562,-0.062183,0.045514,-0.46592
-4.845,2.9448,0.7741,-2.2951,-0.67053,-0.1015,-0.40027,-0.24252,0.18167,0.88458,0.42226,-0.44846,-0.42937,-0.46349,-0.16602,0.37117,-0.3101
-7.9811,4.1909,0.032054,-3.0726,-0.02853,0.20403,-0.11984,-0.12534,0.62118,0.71227,0.49176,-0.14181,-0.45871,-0.60533,-0.32522,0.30359,-0.26588
0.61316,0.28567,0.3133,1.9697,-0.18536,-1.0483,-0.53932,-1.1726,0.041828,-0.31418,-0.074553,1.3321,0.92359,-0.22848,-0.60944,-1.0522,1.3697
-2.8317,0.64607,0.90732,0.34352,1.0177,0.03937,-2,-0.61717,-0.15015,0.39295,1.2177,0.1799,0.20715,0.31115,-0.62698,-1.7622,-0.73694
0.70785,0.074951,0.70783,1.3825,-0.061882,-2.0785,-0.37328,0.56946,-0.27484,-0.58516,-0.043555,2.2175,1.1233,-2.2505,-0.44143,1.6146,-4.7302
1.8076,-0.64361,1.1138,2.2729,0.1488,-1.8273,-1.4056,-0.12902,0.48064,0.07445,0.23562,0.45078,-0.54436,-0.38151,0.2024,0.58596,1.1097
-1.2118,2.3524,-0.001126,-1.6117,-0.91444,-1.1112,0.009391,0.48467,0.45692,0.58348,0.74311,-0.31647,-0.6552,-0.10582,-0.24674,0.3565,0.047785
-5.5969,2.8417,0.58873,-1.6929,-1.2788,-0.29667,-0.22721,-0.15707,0.88796,-0.50745,0.81743,1.1308,-0.57155,-0.62889,-0.027324,0.28401,-0.070584
-1.3889,0.94256,2.0841,0.53556,-0.13312,-0.93334,-0.92443,0.21223,-0.29662,0.60212,0.72549,-0.015515,0.54593,-0.6798,-1.1757,0.21962,-1.8889
1.7717,-0.53249,1.2801,0.78143,-0.1427,-0.21064,-1.1809,-0.48125,-0.94986,-0.53545,0.94857,0.38208,0.7723,0.077464,-1.1282,-0.011977,-0.48301
1.5604,-1.2516,1.8298,1.0542,0.57004,-0.30383,-1.4256,1.2583,-1.2843,-0.96997,1.3256,0.7691,0.29529,-0.13195,-0.62613,-0.39405,0.99013
0.4252,-0.965,0.75054,2.1112,0.5046,-0.2252,-0.45788,-0.20048,-1.3024,-0.44632,1.0745,1.0897,-0.12573,-0.76979,0.21558,-0.82461,0.5816
-1.6906,1.3083,1.0366,1.3836,-0.52657,-1.9028,0.13923,-0.66904,-0.33272,0.046146,0.20919,0.58245,0.086418,-0.073364,-0.40352,-0.44951,-0.97338
-1.1447,0.76972,0.69764,1.5061,0.44994,-1.5951,-0.18865,-0.54538,-0.52488,0.078799,0.14386,0.99069,-0.5536,-0.61858,-0.3935,-0.96566,2.1506
3.9869,-1.6657,0.84924,2.3079,0.034733,-1.4634,0.19901,-0.17564,-1.3229,0.58494,0.49344,0.49706,0.64432,0.64879,-0.71055,-1.5648,0.92857
-0.12033,-2.2465,0.28083,1.5243,-0.56144,-0.9835,-0.01756,-0.049445,-0.88782,-0.41085,0.726,1.1173,-0.7823,-0.69584,0.55699,-0.42893,-0.24533
-2.3475,0.27839,0.78626,1.1653,-0.411,-2.3193,0.62272,0.61187,-0.1603,-1.3137,-0.51664,1.8134,-0.91701,-1.0553,0.8851,0.87251,-2.4725
-2.2197,-1.6318,0.28273,2.0465,0.36346,-1.8811,0.24232,0.6174,-2.1967,-0.36844,1.536,0.48062,0.51601,-0.70462,0.094425,1.2101,-4.2726
-1.1002,2.8822,-0.19954,-0.66871,-0.47099,-0.14935,1.0041,-1.2935,-0.011686,1.1472,1.5988,-0.85158,-1.4735,-0.2025,-0.096851,0.71857,-3.7424
-5.7515,3.3132,0.4433,-1.7175,-0.39172,-0.51697,-0.22544,-0.87412,1.7911,1.0006,-1.0973,0.30135,-0.46007,-1.2266,0.056669,1.3016,-0.48639
-2.5828,2.9222,0.13085,-0.86242,-0.36028,-0.43622,-0.0083798,-1.3307,1.0258,1.0634,-0.11278,0.79676,-0.88243,-1.181,-0.34286,-0.50046,0.85742
-3.2194,2.7819,0.39262,-0.12737,0.71336,-1.1852,-0.64517,-0.45926,-0.79842,0.3723,0.89981,0.55172,-0.86991,-0.65095,0.44162,-0.61847,-0.35368
4.412,0.2779,0.033592,-0.24388,-1.8086,0.068719,1.1408,-0.19736,-0.68812,1.2659,0.67666,-0.77292,-1.3459,-0.18637,0.18289,-1.724,3.9625
5.3651,-0.37664,-0.97451,0.61125,0.63408,1.2563,0.069561,-1.2228,-1.2582,-0.56486,0.32182,0.56371,0.69706,0.23354,0.90203,-0.17821,-3.7747
-2.6812,0.55148,1.1065,-0.81107,-0.63988,-0.29084,-0.090613,1.0321,-1.3863,0.59903,2.1465,0.5366,-1.2628,-2.1771,0.123,0.54874,-0.55036
1.6776,0.61288,0.18279,0.81191,0.019111,-1.7507,-0.0015204,-0.14044,-0.90278,-0.21544,0.12599,1.0913,1.8043,-1.4095,-0.90934,2.4597,-5.5663
-3.2563,2.054,1.9345,-0.82974,-1.6165,-0.24713,0.050187,-0.88631,0.12916,0.53189,-0.55347,0.95201,0.55742,-0.99182,-0.52383,-0.31935,0.016887
-2.4262,1.8222,-1.1189,-1.5359,0.042615,-0.86291,0.021941,-0.027052,0.53195,0.57328,0.11634,-0.32558,-0.3293,-0.31816,-0.35901,0.50633,-0.95323
-2.0083,2.8781,0.31,-2.2634,-0.68401,-0.023499,-0.30385,-0.22936,0.98945,0.90816,-0.21732,-0.5798,-0.4,-0.29305,-0.28241,0.18628,-0.84909
0.74437,2.0459,0.36505,-0.85099,-1.1335,0.074624,0.26603,-0.00084524,-1.4006,0.29289,2.1255,-0.82967,-1.0827,0.039839,-0.024923,-0.88839,1.113
-1.7379,0.12562,1.2254,0.70034,-1.0137,-0.68265,-0.30292,-0.84028,2.9481,0.41396,-0.94451,-0.46437,-0.68835,-0.13333,-0.071054,2.4163,-4.2144
0.64607,-0.097058,1.1963,2.2287,-0.60069,-2.1839,-0.68499,0.090003,0.28567,-0.32879,-0.11021,0.61243,-0.2566,-0.37203,0.56573,0.50641,-0.036888
0.096866,1.887,-0.28781,-0.88002,-0.44772,-0.43068,-0.20985,-0.17251,2.4146,0.61221,-0.24716,-0.34486,-1.1864,0.041542,-0.35019,-0.1555,-0.68677
-1.4149,0.53309,0.53763,1.3329,1.6617,-0.69992,-1.2887,0.080987,-0.7088,-0.76019,0.98824,0.57269,0.23541,0.15923,-0.37024,-0.18445,0.020241
0.85187,-0.05387,-0.10063,0.36706,0.82015,1.3083,0.018844,0.4469,-0.5563,-1.3917,-0.038353,-0.55336,0.19795,1.3242,0.08621,-1.4012,1.9019
0.68348,0.60601,-0.53942,1.7351,1.4866,-0.52754,-0.11017,-1.0496,-0.46087,-0.22536,0.078268,0.46261,0.63937,0.28175,-1.2161,-0.73717,3.431
-3.1148,2.0393,1.3487,0.66127,-0.037449,-1.181,-0.35122,-0.57911,-0.3148,0.34708,0.53943,0.50808,0.6237,0.2839,-0.72455,-0.97677,-0.35937
0.32146,-0.22117,0.10166,0.86952,0.70614,0.6577,0.94889,-0.36521,-2.2573,-0.75961,0.48241,0.082751,0.76906,0.33565,-0.66107,-0.46069,2.2401
0.93956,0.754,0.42816,0.10881,0.99967,-0.052545,-1.1183,-1.0089,-0.7095,-0.098466,0.5006,0.61669,-0.28233,0.019455,-0.45306,-0.83743,0.4602
-1.6596,0.59731,0.97749,0.68353,0.81298,-0.43788,-0.10238,-0.4711,-1.8578,0.4768,0.43633,-0.39009,1.6098,0.94596,-1.341,-1.3142,0.60213
-3.6279,-0.42667,1.1689,-0.020287,1.2475,1.7837,-1.7551,-0.9488,0.31165,-1.1814,-0.13036,0.62988,1.0822,0.46927,-0.87645,-0.18242,-1.0447
-0.96107,-0.32208,1.0455,1.1064,0.54858,0.16055,-1.2661,-0.28821,-0.51565,-0.65896,0.81892,1.296,0.76914,-0.083598,-0.3595,-0.81097,1.0451
-0.82324,0.19867,0.2791,0.1631,0.020545,1.5335,1.0859,-0.014604,-0.9273,-1.2368,-0.38885,0.08643,0.068181,0.41752,0.8924,-0.60487,-0.27678
-0.48991,0.71551,1.2131,0.77357,0.91357,-0.68584,-1.4865,-0.49367,-0.32565,0.0037051,0.28845,0.27656,0.84603,0.10373,-1.1938,-0.37037,-0.32735
4.3755,-0.17899,0.50319,1.1188,-0.3802,-0.082046,0.51477,-1.3962,-1.0773,0.1872,-0.39761,0.91922,1.0287,0.048541,-0.93239,-1.4498,0.97149
2.1171,-0.28875,0.012322,0.51228,0.27721,1.0683,0.12672,-0.71774,-0.52986,-0.90465,-0.21702,0.72033,0.88262,0.5824,0.95838,0.14445,-3.7189
11.336,-1.6237,-2.4486,-0.45802,-0.33308,0.93593,0.86138,-0.10943,-0.59454,-0.16104,-0.29923,0.076365,0.16465,0.37575,0.46835,-0.71121,0.069625
2.537,-1.8493,0.42498,2.367,1.195,-0.9378,-0.48508,-0.099796,-1.1433,-0.26929,-0.12393,0.51156,0.67546,0.39813,-0.11375,-0.76681,-0.36721
-0.32831,-0.79896,-1.2105,-0.56401,0.67283,0.98995,0.98427,0.54286,-1.4795,-1.4477,-0.052411,0.21633,0.21639,0.035615,-0.27065,0.076509,3.2583
1.2682,2.4645,-0.6581,-1.5374,-0.17914,1.1171,0.87384,-0.9178,-0.7552,0.054506,0.32403,0.44932,0.29444,0.78867,0.81392,-0.98918,-1.286
-0.77017,0.85968,1.7174,0.73712,-0.65088,-0.53393,-0.81386,-0.2475,0.18912,-0.42167,0.47197,0.6286,1.2905,0.25375,-1.1054,-0.32743,-1.9491
-0.033716,1.0545,0.37122,-0.31228,1.5865,1.7611,-1.5952,-1.6566,0.12317,0.10101,-0.1729,-0.016805,0.037645,0.22056,0.54797,-0.13479,-1.7803
0.37245,-0.18724,0.36435,0.68907,0.22591,0.0014601,-0.25608,-0.23056,-0.01425,0.17806,0.33636,0.21666,0.63457,0.45774,0.57677,0.46002,-2.7819
-1.0255,-0.90407,-0.61583,0.1582,0.93899,-0.22696,-0.91881,-0.60433,-0.4193,-0.58629,-0.17164,0.93144,0.74757,0.10688,-0.21912,-0.18632,-0.67434
2.2093,-0.4759,-1.3144,0.69007,2.3066,0.53396,-1.4566,-0.71947,-0.34595,0.2069,0.24464,-1.2258,1.6728,0.90958,-0.34826,0.96765,-4.8135
7.2841,-2.1103,-0.88524,1.876,1.0862,-1.3009,-0.98861,0.24234,-1.0328,-0.4432,0.5467,0.082119,1.4457,0.23125,-1.102,0.30859,-3.5362
2.9084,-0.40503,-0.018394,0.46046,0.51678,-0.16924,1.4845,-0.43519,-2.991,1.1153,-0.0008391,-0.74913,0.91113,0.78723,-0.8672,-1.9263,2.6764
0.69327,-0.16234,0.48263,1.8476,1.3595,-0.93171,-1.2486,-0.076997,-0.54976,-0.74301,0.25702,0.6628,0.5321,-0.12323,-0.35513,-0.21153,-0.79979
1.7759,0.068924,-0.084988,0.93709,1.8873,-0.96918,-1.7217,0.11666,-0.61632,0.0014326,0.51543,0.44261,1.4886,0.20045,-1.2754,-0.4275,-0.28158
2.7272,-0.57487,-0.021207,1.7049,1.1566,-0.46665,-0.85775,-0.92169,-0.85549,-0.12736,0.14556,0.06771,1.0933,0.43668,-0.57546,-0.3413,-2.1239
0.48528,-0.27616,1.1977,1.4636,0.35331,-0.51314,-1.161,-0.73312,-0.52693,-0.10741,0.57939,0.33578,1.1767,0.40153,-1.1421,-0.50391,-0.5889
0.16954,0.69477,0.859,1.1223,0.69216,-0.6239,-1.064,-0.56116,-0.31096,0.1597,1.0942,0.56399,0.44576,-0.59597,-0.51805,0.55283,-3.9026
-0.76402,0.055188,1.3752,1.3371,0.43681,-0.70741,-0.69719,-0.069282,-1.0461,-0.67848,0.84826,1.148,0.76964,-0.27482,-1.0074,-0.39015,0.399
0.15958,-0.12206,0.2401,1.3437,1.0279,0.028208,-0.81864,-1.2547,-0.41904,0.20926,0.11341,0.029568,1.9343,0.29331,-1.2072,0.13124,-2.8606
2.5845,-1.5467,-1.1959,-0.15822,0.8473,0.74929,-1.2818,-0.80189,-0.090691,-0.253,-0.20591,0.14974,0.64292,0.55006,-0.062392,-0.62764,0.11935
5.4835,-0.48094,-1.0235,-0.49738,0.6305,1.8182,-1.7547,-1.1782,0.62652,-0.94362,-0.15685,0.18764,1.4814,1.0343,-0.46936,-0.54028,-2.3651
-0.50701,0.43412,0.22725,0.89522,1.1215,0.40109,-0.016759,-0.38733,-0.67224,-0.57436,-0.19245,-0.38788,0.99787,0.47335,0.066513,0.98377,-2.4205
1.9913,-0.3747,0.69293,0.90545,-0.25014,0.77253,-0.087945,-0.80182,-0.8117,-0.31232,1.0025,0.70569,0.57805,0.58097,0.061833,-1.0823,-1.7446
1.8526,-1.1599,1.0033,1.0964,1.1087,0.26567,-1.2796,-0.052525,-1.8229,0.1456,0.85827,0.1161,0.7158,0.20584,-0.45619,-1.3114,2.007
0.23734,0.17464,0.61788,1.6823,0.15246,-0.59562,-0.021392,-0.68234,0.15055,0.064305,0.43256,0.07635,0.38773,0.75097,0.017219,-0.39178,-3.9994
1.1626,0.0049567,-0.55653,2.4966,0.33427,-0.5289,0.93012,-1.5893,-0.48153,-0.49037,-0.035561,0.83289,0.45939,0.43402,-0.11744,-0.86553,-0.30102
0.6952,0.22442,-0.1427,0.9909,0.046253,0.49986,0.82244,-1.3404,-0.6169,-0.63915,-0.43582,1.0289,0.5096,1.0577,0.83494,-1.1426,0.96386
1.447,-0.59301,0.1152,1.32,0.59775,0.33832,0.96447,-0.20089,-0.75479,-1.1532,-1.0033,0.84715,0.15225,-0.1064,0.27335,-0.39314,0.59731
1.3263,-0.34388,0.049268,0.58214,0.75659,0.74489,0.96552,-0.16656,-2.3889,-0.46479,0.068786,0.71206,-0.13087,-0.62391,0.71102,-0.56592,1.8139
2.347,-1.0342,0.66041,2.0518,0.054642,-0.14711,0.46604,-0.06813,-1.4359,-1.2584,0.12214,1.0408,0.4805,-0.29747,0.25763,-0.30387,-1.0525
1.9078,-0.43246,0.0071873,1.6625,0.59952,-0.50623,1.0552,-0.12311,-2.4509,-0.662,0.43388,0.85174,0.15778,-0.63131,0.36814,-0.063734,-0.15022
0.77398,0.67412,0.36976,-0.28356,1.2193,0.0046388,-1.5915,-0.61158,-0.10554,-0.4316,-0.64398,1.1885,1.5999,-0.059219,-0.3019,-0.14802,-4.5126
7.8734,-0.17088,-1.5443,-0.7023,1.237,2.0384,-0.93523,-0.51995,-0.12704,-0.98997,-0.076984,-0.18373,0.99075,0.46131,-0.051519,0.81766,-1.993
4.4381,-0.44157,-0.30186,0.47902,1.1158,0.42779,-1.6269,-0.34001,-0.40303,-0.77784,0.45444,0.43009,1.8152,-0.010815,-0.36191,1.1284,-6.2219
-3.1116,1.1561,2.1323,1.154,-0.6573,-0.44335,-0.44703,-0.45444,-0.27723,-0.547,0.019134,0.5664,0.49707,0.17916,-0.20649,-0.9839,0.88065
-0.37061,0.52305,1.5208,1.326,-0.19553,-0.63078,-0.78424,-0.25626,-0.99883,-0.43824,0.84111,0.14243,0.47087,-0.14421,-0.3572,-0.16397,-1.0134
-0.011888,1.0473,2.141,0.74371,-1.6408,-0.67447,-0.85639,-0.041976,0.49777,-0.65033,0.24315,0.73079,0.62466,-0.52663,-0.097751,0.46133,-2.5549
4.1124,-0.78722,0.098903,1.6564,0.079948,-1.3438,-0.067279,-0.46128,-1.0218,-0.33333,0.17981,0.62591,1.0349,0.54637,-0.94387,-0.96988,-1.3486
-1.9581,0.54052,1.0376,1.1034,1.0527,-1.0869,-1.2283,-0.56272,0.31601,-0.13964,-0.6739,0.41113,0.86226,0.18987,0.32936,0.56206,-6.5094
-1.7646,-0.16459,1.7172,0.77704,0.25629,-0.95526,-1.0934,0.38848,-0.88398,-0.3815,0.71607,0.90495,0.74577,0.064334,0.40845,0.27806,-4.2027
1.7026,-0.087338,-0.25097,0.23096,0.91331,1.3851,0.052298,-0.25006,-0.88017,-1.0684,0.072644,-0.10935,0.74113,1.043,0.24864,-0.20945,-0.21736
1.3192,-0.11205,-0.20054,0.62366,0.76772,0.84231,1.0033,-0.25157,-1.4944,-0.87784,-0.29097,0.14205,0.46028,0.60929,0.38784,-0.30566,0.8348
0.23398,-0.44886,-0.57408,1.0585,-0.31243,-0.084585,1.3049,-1.3706,2.6639,0.37298,-2.7963,-0.070915,-0.1779,0.67991,0.1325,-0.22871,-0.62852
-0.1419,0.11924,0.033715,0.0093233,0.19242,1.065,1.6065,0.2541,-1.6218,-0.98495,-0.18126,-0.18673,0.032488,0.47828,0.63609,0.085878,1.1279
-0.87322,-0.26481,0.81694,0.24215,0.85114,1.221,0.14672,-0.083894,-1.6365,-0.46868,-0.2409,0.41817,1.002,-0.065654,-0.13094,-0.42467,2.4381
0.16324,0.19416,-0.19262,0.18487,0.62738,0.97073,0.9696,0.41724,-0.68146,-1.143,-0.19072,-0.40703,-0.17385,0.10611,0.63899,1.0742,-1.5909
-0.023015,-0.41803,0.075165,0.41191,0.39786,0.88311,1.2536,0.37628,-1.4038,-1.1527,-0.2593,0.33426,0.27717,0.35378,0.81129,-0.03501,-0.46505
3.2225,-1.6423,-0.0086746,0.55854,0.26002,1.7568,0.29355,-0.13483,-1.2455,-1.2211,-0.58106,0.31415,0.81571,0.15122,0.44354,-0.12338,1.7277
-0.82568,0.15809,0.0035814,0.39684,0.85476,1.3707,0.66227,-0.9205,-0.52231,-0.44796,-0.46888,-0.37521,0.55713,0.76105,-0.038235,0.25631,0.34129
0.79979,-0.067158,-0.35755,1.3238,1.0518,0.082314,1.0783,-0.51853,-1.4347,-0.42654,-0.15764,-0.30279,0.18253,0.49856,0.48514,0.42533,-0.76868
0.56118,0.24707,-0.46158,1.2646,0.95418,-1.0088,1.24,1.3763,-1.3338,-1.7035,-0.13669,0.74399,0.25694,0.069215,0.44245,0.029815,-1.2312
0.72774,-0.1761,0.3743,0.89897,0.53622,0.56793,0.14112,0.39178,-0.18405,-1.6768,-0.59722,0.71906,0.2724,0.51078,0.73294,-0.26154,-0.2832
2.7413,-0.048526,-1.0004,2.4151,0.62093,-0.83294,1.1198,-1.1273,-0.013442,-0.76344,-1.2196,0.69215,0.5723,-0.28553,0.12788,0.6137,-2.2291
0.60091,-0.17659,0.15915,0.39957,0.57068,1.1322,0.8103,-0.16489,-1.3864,-0.80821,-0.054872,0.383,0.40327,0.22457,0.68628,0.074723,-0.34048
-0.018415,0.25974,0.042325,0.42125,0.82352,0.96124,0.34214,-0.38632,-0.89222,-0.99464,-0.018333,0.18733,1.0303,0.70195,0.13999,0.16535,-2.7145
2.3706,-1.1625,-0.99784,-0.035315,0.21732,0.42922,1.6504,0.88938,-0.29186,-0.30231,-1.1277,-0.82005,-0.30337,0.97521,0.32856,-0.54835,3.4011
-0.39557,0.17545,0.14035,0.022368,0.9313,1.2095,-0.36562,1.1908,-0.69097,-1.7763,-0.019017,0.11072,0.9159,0.021644,0.069304,0.10305,0.099064
2.5675,-0.876,-0.55872,0.25646,0.042605,0.93236,1.4271,0.15567,0.023127,-0.65594,-1.5111,-0.60564,0.093791,0.70622,0.81927,0.46821,-0.31343
-0.27241,0.47047,0.19853,-0.055273,0.63321,0.77924,-0.026395,-0.063011,-0.05681,-0.3204,-0.37382,-0.37549,1.7082,0.48756,-0.13816,1.1068,-5.2948
-0.73635,0.065119,0.37487,0.85986,0.60523,0.53268,0.16834,0.081954,0.21097,-1.2542,-1.1544,0.54297,1.4827,-0.26109,0.016271,1.0294,-4.1086
1.4102,-0.64183,-0.058252,0.91282,0.96446,0.77429,0.41991,-0.25117,-1.9599,-0.98638,0.74023,0.15227,-0.02007,0.15586,0.99175,0.47259,-3.7176
2.1404,-0.58142,-0.35577,0.59772,0.82178,0.29229,1.1257,0.89715,-1.4678,-1.3242,0.055113,-0.45457,0.52949,0.9987,0.085679,0.15195,-2.4249
-2.6686,-1.6302,0.2293,0.97908,0.46744,0.43352,0.99214,0.92066,-1.5699,-0.76239,0.095095,-0.59383,-0.11504,-0.099253,0.60077,0.44629,0.18677
2.3499,-1.7632,-1.632,0.53418,0.52952,0.14027,1.159,0.7831,-0.15431,-0.63129,-1.3283,-0.7781,0.92424,0.46836,0.71884,1.0778,-3.6078
-5.0933,-0.79828,0.56089,1.1999,0.60164,-0.24752,0.55638,0.079336,-1.3775,-0.82518,0.18566,-0.0014396,-0.55778,0.1752,1.2006,0.81678,0.61272
0.77191,-0.75411,-0.044214,0.1858,-0.06025,1.3327,0.90391,0.74694,-0.85776,-1.3611,0.074694,-0.58766,-0.17246,0.7452,1.1304,0.37513,-0.50187
-1.1447,-1.0085,-0.49703,1.0535,0.93605,-0.50249,1.9943,0.24644,-1.5483,0.11753,-1.1206,-0.74857,0.68888,1.0611,0.18017,-0.29888,0.35061
-2.3541,-1.5559,-0.54882,-0.059919,0.58792,0.71704,0.45536,1.1724,-0.13023,-0.85209,-0.072016,-0.26394,-0.075732,0.76745,0.11504,-0.42527,3.1907
0.19522,0.084625,0.1812,0.23141,0.18635,0.81052,1.4184,-0.62794,-0.19979,0.12342,-1.7027,-0.57755,0.070244,0.60146,0.77264,0.39783,1.3684
0.6959,0.072295,0.23308,1.4186,0.74646,-1.1168,-0.85081,-0.37883,-0.50243,0.043921,0.43151,0.28652,0.85872,0.75824,0.20812,0.085873,-0.5254
2.4403,-0.85164,-0.44511,-0.049492,-0.27432,0.13532,1.756,1.7558,-1.2754,-1.1469,-0.37035,-0.59425,-0.21646,0.18991,0.77407,0.87731,0.72701
-0.5739,-0.17141,0.085297,0.21647,-0.20956,0.60633,2.0023,0.8712,-1.5008,-1.0635,-0.13175,-0.3099,-0.42092,0.10857,0.63557,0.25389,1.3772
-1.2424,0.70323,-0.19253,-0.38303,-0.27196,1.274,1.5595,-0.49553,0.21175,-0.26707,-0.81667,-0.44547,0.01137,0.97651,0.69454,0.083934,0.6008
0.65367,0.56192,-0.43405,-0.41754,0.61187,0.83533,0.72275,0.19348,1.0701,-1.0914,-1.7587,0.68445,-0.20308,0.32686,1.0247,0.15093,-1.2304
4.1139,-0.37092,-1.1498,-0.54028,0.10337,1.2782,1.5279,0.17692,-0.09712,-0.52863,-0.58474,-1.0802,-0.35811,0.78549,0.17701,0.64484,-0.20677
0.061143,-0.069771,0.044663,0.089181,0.14321,1.1946,0.54922,0.3217,0.24335,-0.89904,-0.13757,-0.060684,-0.43659,0.34653,0.93184,0.50569,-0.10784
-0.92891,0.37137,0.17525,-0.43682,0.079456,1.6116,1.2742,-0.16995,-0.73883,-0.64946,-0.49584,-0.52566,0.49924,0.5894,0.59049,0.68856,-1.7848
2.7134,-1.1612,-1.4091,0.685,1.0147,0.44497,0.83044,1.1377,-0.76103,-1.5053,0.029746,0.035813,0.18238,-0.12565,0.81775,1.1904,-3.4469
-3.2852,-1.5856,-0.65448,-0.020455,0.34723,0.13216,0.29131,-0.074655,-0.93754,-0.28804,0.36676,-0.011838,-0.041514,-0.044406,0.88607,1.1132,-2.8933
0.18178,-0.64633,0.41262,0.251,0.054938,1.0874,0.87584,0.34324,0.088329,-0.99953,-1.2406,0.29222,-1.0968,0.41626,1.2063,-0.99988,3.5723
1.3357,-0.45823,-0.14687,0.9971,0.55767,-0.092413,1.4283,0.0059482,-1.2212,-0.5291,-0.61198,0.24268,0.6256,0.62117,0.66915,0.40875,-1.4535
1.5699,-0.79739,0.27425,0.89633,0.57536,0.58938,1.2031,-0.020157,-1.9198,-0.82169,-0.025661,0.57552,0.56391,0.0091649,0.14688,0.051146,-0.84976
-0.86396,0.044394,-0.070759,-0.62668,0.59445,1.7102,0.96568,-0.2007,-1.4609,-1.8519,0.1431,0.91896,-0.069201,0.29529,0.69081,0.33062,-1.4004
-4.8747,-0.20691,0.81425,0.18099,0.11876,1.0009,1.2626,-0.9148,-1.4973,-0.13814,-0.76699,-0.19067,0.61837,0.94825,0.89092,-0.28668,0.17292
-0.19487,-0.5841,0.11047,0.37125,1.1197,1.0708,0.3217,-0.23126,-0.41079,-1.1025,-1.1985,0.10633,0.70777,0.62833,0.37738,0.15207,-2.5232
-0.03672,-1.6246,-0.00053955,0.81203,-0.16988,1.4607,1.2248,-0.87445,-1.022,-0.3602,-0.65113,0.013731,0.5419,0.80584,0.97799,-0.37283,0.67625
-0.16655,0.18122,0.038372,0.081154,0.63151,0.93681,0.71121,-0.38228,-1.1801,-0.49361,0.017368,0.25235,0.40166,0.30177,1.2934,0.8895,-3.9563
0.11123,-0.27964,-0.32139,-0.072557,0.17902,0.71614,1.437,0.85918,-1.042,-1.6351,-0.54434,-0.35911,0.12674,0.4393,0.77355,1.1016,-1.6573
-1.4505,0.46034,-0.018537,0.26295,0.47504,1.1876,1.3804,-0.71423,-1.2251,-0.60963,-0.41266,-0.088121,0.22101,0.49284,0.67154,0.20042,0.26422
-0.12317,0.16478,0.09167,-0.10743,0.43983,1.0111,1.8086,-0.30745,-1.6474,-0.3455,-0.5325,-0.27226,0.2307,0.94383,0.38698,-0.47336,0.5227
-0.6898,0.24312,0.061195,-0.22702,0.45559,0.84732,0.49498,0.19647,0.49777,-0.51566,-0.72365,-0.34861,-0.040009,0.28334,1.3493,1.5645,-5.5439
-2.5857,-0.21832,0.34721,0.37767,-0.25603,0.4089,1.6939,-0.27872,0.049535,0.011582,-1.2915,-0.52483,-0.21142,1.0793,1.1597,0.17572,0.58233
0.0069595,-0.033347,0.086619,0.084999,0.52888,1.1836,1.2263,-0.47534,-2.0322,-0.47301,0.22171,0.02412,0.27899,0.29316,0.65847,0.5765,0.26035
1.304,-0.41695,0.36381,0.17058,-0.24022,1.1933,1.3099,0.71935,-1.2659,-0.79318,-0.094496,-0.74283,-0.35927,0.97108,0.6052,-1.2764,2.4856
-0.53006,0.18341,0.14394,0.014884,0.29413,0.85425,0.59349,-0.19522,0.6771,-0.46746,-0.62389,-0.25953,-0.36788,0.60155,1.2632,1.1936,-4.0077
