-0.58324,0.05895,0.70114,-0.85017,1.6112,-2.738,1.1239,2.8132,-1.1127,-1.328,-2.2818,3.0276,-1.9112,0.69921,1.0189,0.36731,-0.28431
1.8744,0.45123,-0.97191,0.96045,-0.55595,-0.078744,-0.44812,1.4084,4.3251,-9.0825,3.8197,-0.29551,-0.022673,0.68692,-0.54971,1.211,2.9718
8.1987,0.94435,-6.31,3.4725,0.069246,-0.49148,1.3301,-1.571,4.3871,-5.0702,0.45331,0.56555,-0.59078,-0.18556,2.183,-0.33053,-2.844
-6.047,-1.9033,2.2403,-0.13214,0.49849,-0.16716,3.1909,-5.3762,1.7365,0.051126,-1.499,2.04,-2.2403,3.7533,-2.1632,0.69993,3.5631
-14.143,-5.2545,3.6342,0.61691,0.35431,-1.281,-0.93291,4.6898,-2.2243,-5.3691,6.3769,-3.8907,3.1602,-3.0473,2.0351,1.363,0.6908
-0.56106,-0.89301,-1.225,1.9656,-0.32231,-0.10224,0.85883,1.0045,-1.1769,-2.4203,0.46085,0.95964,-0.2808,0.73757,0.71129,-0.01063,-0.73255
-4.2457,-1.729,0.7877,0.2183,0.14336,0.84831,1.1379,-3.0216,2.133,-2.845,0.51329,1.202,-0.40079,1.2212,0.84622,-1.7768,-4.3999
5.8705,1.1681,-3.5342,2.2747,-0.073126,-1.1151,3.305,-3.5786,3.2781,-4.3311,-0.76618,4.072,-2.0819,2.2323,-2.0785,1.4572,4.9928
2.6162,-0.61287,-3.842,2.3534,1.0257,-0.39982,1.8713,-1.5696,-3.4882,3.5172,-2.0365,1.7086,-1.986,2.9907,-1.1082,-0.0721,0.96399
-7.28,-2.5194,2.2411,-0.59978,0.057212,1.2779,2.5909,-6.5018,5.0748,-4.9292,2.3469,0.68126,-0.63777,-0.24648,2.833,-1.3101,-5.4532
1.4118,0.94436,0.47688,-0.19418,0.90153,-1.8574,0.61125,0.6661,2.9923,-4.0106,0.012694,-0.85397,1.8487,-1.6769,1.7501,0.8441,-0.061918
14.727,2.6447,-9.438,3.7094,1.3816,-1.1661,-0.98947,0.98735,2.3295,-1.9645,-0.91405,0.53462,0.67438,-1.1978,0.1158,0.5312,0.9466
-0.93428,-0.28558,0.36312,0.24574,0.39361,-1.4671,2.8064,-3.349,4.9911,-5.2616,-0.26887,1.6936,0.32225,-0.039576,0.045332,0.73467,1.424
-0.033165,0.15985,0.35287,-0.042271,-0.058681,-0.51537,0.88307,-0.19516,4.1788,-7.6518,2.117,1.1576,-0.5759,0.31203,0.64828,0.58381,0.51934
0.023121,-0.96378,-1.9507,1.9396,0.13576,0.64968,0.31747,-1.3573,2.381,-1.9022,-3.0448,2.6765,-0.75397,2.9898,-3.1737,1.352,5.8777
4.9053,2.3608,-0.18366,1.0026,-2.3421,1.8711,-0.56495,0.85263,1.2059,-3.264,0.22143,0.86288,-0.45654,0.65403,-0.36583,0.59279,1.5514
-0.84868,0.39167,1.632,-0.16663,-1.5868,1.0304,-1.5081,3.4624,-0.64539,-3.5011,2.3051,-1.2353,-0.14619,1.6849,0.59173,-1.0265,-2.6447
4.4224,1.2547,-1.9129,2.4941,-1.4229,1.0335,-2.341,2.0228,3.1839,-7.0636,4.1689,-1.6951,0.57681,0.53468,1.7052,-1.3256,-4.3565
0.31387,0.87133,1.4288,-0.82098,0.53593,-1.6403,1.75,-0.10707,2.0007,-4.5001,2.4411,-1.3557,1.1006,-0.62819,2.9268,-2.6262,-8.1792
1.3535,0.20896,-0.93563,1.0618,0.80778,-1.5347,-0.54373,0.80804,5.873,-10.939,6.68,-3.1003,2.533,-1.4074,1.1265,0.6627,0.19886
0.65557,0.85899,1.0624,-0.95892,-0.55704,1.6276,-0.87863,-1.232,6.5466,-9.6772,3.6171,-0.1395,0.69405,2.0151,-3.3099,0.99557,5.301
3.147,1.9872,0.82752,-0.66696,0.91429,-1.0801,0.57009,-1.779,3.4202,0.77394,-5.1268,1.6745,1.6124,-1.8731,0.5551,0.46304,0.37098
-0.28366,-0.51255,-0.74144,0.058832,1.861,0.11046,-1.163,0.79964,2.9968,-5.0663,0.62284,0.48897,0.30309,0.57823,-0.18579,-0.09319,-0.00058899
1.548,0.35114,-0.84575,0.92508,0.30563,-0.69921,0.64784,1.5314,-0.057855,-2.3535,-1.9841,3.4427,-2.9643,4.2009,-2.7785,1.1193,5.017
-0.090055,0.50501,1.1001,-0.75181,0.30703,0.2387,1.9043,-1.7617,-1.122,0.7343,1.2148,-1.2696,-1.7198,2.4631,-1.9705,0.95895,3.8884
2.3716,1.5995,0.82737,0.11922,-1.151,0.47742,0.90038,-0.93945,2.0406,-1.0463,-1.5566,-0.51201,2.0477,-1.0168,-0.17544,1.6931,3.5616
0.059361,0.3615,0.66364,1.0756,-2.2796,1.511,-1.2009,1.6411,0.89713,-2.7648,-1.2749,2.4419,1.3422,-2.3882,0.27356,1.6145,2.9554
-5.2688,-1.9876,1.2935,0.27138,0.65528,-1.0577,0.2591,1.9973,0.0080966,-1.8179,-0.63997,-0.13848,0.48821,-0.40305,1.2651,0.91737,0.56962
-12.634,-3.3441,5.9456,-1.0484,0.60857,-1.5544,-0.20779,1.7954,1.7937,-5.0922,1.7143,1.3543,-3.3377,3.5663,-0.47357,-0.99761,-1.5217
5.1084,-0.01246,-5.1334,6.0457,-7.4642,5.4427,-1.8058,-0.63007,5.8396,-6.8267,2.5573,-2.2254,3.5788,-2.7096,2.2143,-0.82218,-3.8587
-2.37,-0.89345,0.58311,-0.13053,0.55807,0.10727,0.63091,-0.50639,0.26903,-0.80895,0.392,0.014825,0.041119,0.5101,-0.46344,0.71053,1.8845
1.5279,0.75084,-0.026261,-0.22226,0.56879,-0.16615,1.2124,-0.25536,-3.5024,2.6752,-2.0386,3.3229,-3.2054,2.6833,-2.0987,1.3605,4.8197
5.0907,0.85385,-3.383,0.52212,-1.1845,1.5534,0.020559,0.035343,1.7478,-2.1054,0.008312,0.62157,-0.4564,1.2775,-1.275,0.60903,2.4931
-0.1239,0.13371,0.39132,-0.094522,0.98967,0.54825,-2.3804,2.1544,-0.22036,-1.273,-0.90519,1.083,-0.81929,2.0938,-1.5388,0.8524,3.2436
0.91062,0.20901,-0.4926,0.4193,-0.10656,-0.56502,0.5847,-0.47587,5.1248,-7.4614,1.5992,0.6685,0.74264,-0.69109,1.3397,-0.06967,-1.479
0.27203,0.06806,-0.13591,0.80229,-0.21486,0.32259,1.9667,-2.595,3.4927,-5.516,1.8087,0.36383,-0.40545,1.2987,-0.15455,0.38112,0.91679
0.45077,-0.30505,-1.0609,2.108,-1.804,0.074327,1.2778,0.45804,2.61,-7.5423,4.68,-2.1021,0.60141,0.91667,-0.30226,0.74994,1.8021
3.7469,2.041,0.3351,-1.5853,0.61809,-0.070603,1.6236,0.1073,0.069782,-3.6521,1.966,0.35969,-1.9352,2.6459,-1.6276,0.59869,2.8249
-0.23659,0.05179,0.34017,0.0079284,0.71562,-1.6941,0.95621,-0.26641,4.3928,-5.4755,-0.024,0.60008,0.55329,-0.32756,0.5794,0.3847,0.19
-3.8455,-1.2065,1.4324,0.41713,-0.58426,0.30429,-0.88143,-0.10313,5.2088,-6.2381,0.46452,-0.016384,1.5429,-0.53138,0.007904,0.88808,1.7683
-0.76748,-0.80023,-0.83298,0.89748,1.438,-1.1912,-1.8789,3.2483,1.7232,-5.1375,0.075931,1.8013,-0.71082,0.68822,0.83877,-0.35379,-1.5464
-0.11589,0.22873,0.57335,0.35108,-0.81974,0.78359,0.17274,0.54097,-3.4945,1.3436,-0.035797,0.85816,-0.094808,0.72191,-0.73441,-0.01429,0.70583
-2.6551,-1.1533,0.34841,1.7728,-1.5262,1.3123,-0.20012,2.6337,-6.057,1.5888,0.9599,-0.89884,2.1322,-0.8356,0.4553,-0.10485,-0.665
-8.3401,-2.4839,3.3722,-0.63349,-1.7098,1.3719,1.5387,-2.0361,5.0368,-9.8313,5.2657,-1.2957,3.142,-3.0797,2.3786,-1.2056,-4.7899
-1.2306,6.6613e-16,1.2306,0.1414,-2.2364,4.181,-3.6998,5.5547,-8.3915,3.5739,-0.17974,0.22726,1.4724,-1.9337,1.1989,0.44033,-0.31828
0.32236,0.3967,0.47104,-0.72325,0.8469,-1.1768,0.6398,-0.45477,5.7121,-8.1649,2.9528,-1.7564,2.025,-0.97075,1.2104,0.13709,-0.93621
-0.72268,-0.07249,0.5777,-0.023937,0.26937,-1.2513,0.82121,-0.17511,5.2965,-8.397,2.5099,0.13673,0.54145,-0.36495,0.24612,0.9622,1.6783
6.9742,1.8273,-3.3197,0.14176,2.291,-2.3815,1.3492,-0.93818,3.5575,-2.7899,-2.5536,2.2718,-0.99388,1.4729,-1.5511,1.7311,5.0133
1.9385,1.2977,0.65686,0.18565,-0.80047,0.51161,0.71418,-1.1904,3.9112,-5.9603,3.2959,-1.7511,0.65947,0.93731,-1.6318,2.3504,6.3326
-0.22354,0.219,0.66154,-0.10565,0.41799,-1.7415,1.2482,0.73466,3.084,-6.676,0.88732,2.5134,-1.4362,0.95386,-0.80242,2.1682,5.1387
2.4825,1.4272,0.37192,-0.23888,0.94044,-0.31167,0.12786,0.15705,1.5631,-3.1983,0.70415,1.6305,-2.9444,1.7624,0.71159,0.38653,0.061471
0.92567,0.95167,0.97767,-0.60237,0.011775,-0.62295,0.78809,0.28033,2.1089,-5.3622,3.3277,-1.755,1.0338,-0.3257,1.6285,-0.62942,-2.8874
-4.2076,-0.97418,2.2592,-1.2285,1.2158,-2.1062,3.0725,0.42723,-1.724,-0.63525,-1.67,2.9087,-3.4905,3.7694,-0.97608,0.67444,2.325
-0.52052,0.04186,0.60424,0.1249,0.25978,-0.76927,0.26953,0.37289,2.6887,-4.525,0.77051,-0.45888,0.99323,-0.49972,1.8668,-0.22129,-2.3094
-5.7039,-2.3193,1.0654,2.4178,-2.109,0.35917,2.7132,-2.6771,1.965,-3.3275,1.7896,-2.3464,2.4011,-0.39288,1.3042,-0.18554,-1.6753
-2.9994,-1.0216,0.95612,1.0808,-1.536,2.2557,-2.8076,4.2956,-4.2211,-0.79377,2.2959,-0.62222,-0.22813,0.45856,2.3712,-1.3336,-5.0383
-1.2745,0.25365,1.7818,0.14416,-0.24465,-0.053298,1.1342,-1.0169,1.5806,-2.0079,0.15193,0.089694,-1.2294,2.3336,-1.7636,1.5501,4.8639
0.22717,1.0295,1.8318,-1.7973,2.9521,-4.1074,3.4195,-0.93355,3.0479,-5.1902,2.1338,-1.8144,3.1559,-2.227,1.379,-0.11844,-1.6159
-4.3886,-1.2393,1.9099,-2.4202,2.0628,-0.62761,5.8839,-10.405,6.4175,-2.3932,-0.8053,0.91601,1.3737,0.65621,-1.2028,-0.13591,0.93095
0.91674,0.30549,-0.30576,0.47007,-0.6979,2.2296,-2.2682,-1.3592,7.6252,-9.8868,4.6118,-2.2648,3.4422,-0.97829,-1.362,1.0013,3.3646
-0.6223,0.94455,2.5114,-3.076,2.4775,-0.54259,-0.057548,-0.32569,3.2578,-3.2682,-1.2698,2.0561,-0.8129,0.17184,-0.17402,0.8738,1.9216
13.144,2.8593,-7.4251,5.8572,-3.527,2.5796,-0.12748,-1.3608,4.7201,-6.7443,3.2585,-2.8869,3.6102,-1.9126,-0.63839,3.3319,7.3021
4.726,1.7204,-1.2852,0.55713,0.33762,-1.0034,1.8678,0.46395,-1.5386,0.94373,1.0789,-5.1841,4.513,-3.0729,2.8057,0.06278,-2.6801
4.6544,1.0118,-2.6308,0.58571,1.2465,-1.7586,3.1677,-4.7986,8.7414,-7.033,0.66632,-1.2133,3.356,-1.9645,-0.97251,0.67812,2.3288
3.4439,0.47365,-2.4966,1.2357,0.43102,-1.1837,0.85782,-0.0096016,4.1182,-5.6643,0.63526,0.032824,0.54774,-0.30554,0.39018,1.0894,1.7886
1.6465,0.77658,-0.093358,0.69521,-0.45752,0.036521,1.1435,-0.55009,0.42439,-4.2759,4.0653,-1.9339,1.6066,-0.23246,1.4865,-1.9526,-5.3917
-14.111,-4.2905,5.5298,-2.1449,2.8333,-1.7252,1.1472,-0.05145,-4.5108,3.2764,2.0052,-1.5624,-0.40655,0.80905,-0.45013,-0.41463,-0.37913
11.861,1.4972,-8.8671,4.0624,0.82558,0.10373,-0.74737,0.067503,3.0138,-2.5406,-1.2005,0.40282,1.0689,-0.87372,0.34759,0.36402,0.38045
13.137,2.0715,-8.9936,4.3592,0.1473,-0.91071,1.8671,-2.5533,4.9563,-2.9818,-3.564,3.9447,-0.8162,-0.58013,0.51129,0.24647,-0.01835
2.0097,-1.5195,-5.0488,4.3663,-0.45692,-0.80374,0.38675,1.1392,0.039384,1.73,-5.446,2.2997,0.861,-1.4251,1.5175,-0.10458,-1.7266
1.8323,-0.24074,-2.3138,-2.4694,3.1582,-0.65579,0.0039337,0.036451,1.3593,0.51978,-2.2743,-0.06768,0.62623,-0.19505,0.046098,0.22636,0.40662
5.3489,-0.57207,-6.4931,3.8796,-0.22299,0.10152,0.23764,-1.4064,2.8302,-0.82414,0.56587,-3.2219,2.0799,-0.74628,1.3925,-1.1368,-3.666
-2.294,-1.4048,-0.51561,-1.3048,1.9512,-1.9535,1.4719,-1.8163,4.3533,-0.39082,-4.3572,0.87709,2.0206,-2.1261,0.97743,0.33415,-0.30913
9.2004,2.0126,-5.1753,0.41223,0.26283,0.086599,0.61459,-0.50514,2.0587,-0.30478,-1.4922,-0.58002,0.14077,0.58801,-0.3714,0.24478,0.86096
7.7408,0.97234,-5.7962,1.5433,0.79241,-0.14037,0.36044,-0.86784,3.2423,-1.0377,-2.3634,-0.33575,1.407,-0.4831,-0.039623,0.52339,1.0864
9.5806,1.9032,-5.7742,0.88554,0.61007,-0.11421,0.52801,-1.3328,4.7708,-3.7682,0.53735,-2.3066,2.8658,-1.3709,0.23323,0.24331,0.25339
9.3173,1.4851,-6.3471,2.1738,1.2996,-2.0571,1.7179,-1.0107,2.846,-0.26403,-3.8221,1.2746,0.86016,-1.2241,0.64905,0.13896,-0.37113
8.1084,1.3479,-5.4125,0.51474,0.68387,1.1469,-0.63889,0.2308,1.5216,0.27849,-3.2638,1.4697,-0.33778,-0.2755,0.41895,0.32718,0.23541
11.021,2.5289,-5.9631,-0.28386,2.1049,-0.45328,-0.29173,0.46776,1.0136,1.72,-5.4928,3.6374,-1.3744,0.41986,-1.6495,2.3368,6.3231
5.0799,0.57778,-3.9243,-0.31065,1.9722,-0.7806,0.19857,0.19025,2.2352,-1.79,0.3705,-1.9351,-0.24334,1.9568,-0.71861,0.03398,0.78657
5.888,0.51795,-4.8521,1.2465,1.1695,-0.9119,1.3754,-0.17878,-0.45977,2.4189,-4.1032,0.96145,-1.0458,2.8208,-2.4178,0.93565,4.2891
1.358,-0.70095,-2.7599,1.3967,-0.89446,1.8402,-2.2606,2.4283,-0.97332,0.89671,1.3648,-6.1284,5.7576,-3.4892,1.038,0.35996,-0.31811
10.621,2.5253,-5.5701,-0.58027,2.7076,-2.475,1.4109,0.42,1.0957,-1.4136,0.17255,-0.47279,1.5192,-1.8162,-0.23543,0.9636,2.1626
7.7025,1.3075,-5.0875,0.66263,2.549,-2.4533,1.5487,0.29329,-0.36831,2.5248,-2.6704,-2.0417,1.199,1.3925,-1.7257,1.0273,3.7803
9.6234,1.0845,-7.4544,2.9852,1.1232,-0.80247,0.51597,0.58978,-0.9117,2.7765,-3.0142,-0.92935,1.4026,-0.69812,1.7265,-0.82275,-3.372
11.277,1.6917,-7.8937,3.089,0.090379,0.5052,-0.69313,1.6702,-1.659,3.249,-4.0975,2.5425,-2.7137,1.5952,0.43775,-0.2861,-1.0099
7.4101,1.0675,-5.2751,2.877,0.85845,-1.9646,0.82383,0.49936,1.2961,0.49248,-2.8084,0.21878,-0.58283,0.053767,1.054,0.7625,0.47096
6.5489,0.94807,-4.6527,-0.55154,2.4345,-0.16556,-0.73802,1.164,0.85096,-0.54581,-0.27651,-2.715,2.6902,-0.97851,0.24702,0.10534,-0.036338
9.5044,1.5457,-6.413,3.5257,-1.3528,-0.62906,1.3342,-0.16102,1.3418,0.84917,-2.425,-2.3951,4.0789,-2.755,0.90584,1.1031,1.3004
-7.5305,-2.6684,2.1936,0.016924,0.74499,-0.92825,0.072004,-0.8078,3.9039,-0.65892,-4.9227,1.8983,1.577,-1.3112,-0.46916,0.84352,2.1562
3.3468,-0.94453,-5.2358,3.5639,-0.51896,0.023224,-0.32952,1.4837,-2.0162,3.5586,-4.4731,1.299,0.59938,0.45938,-1.6812,1.1649,4.0111
8.3061,2.5352,-3.2357,-0.85455,-0.58602,1.5166,0.15079,-1.6809,4.891,-3.6225,0.45751,-0.91339,-1.4112,2.9749,-1.859,0.80444,3.4679
11.002,1.7932,-7.4157,2.2371,0.88019,-0.061699,0.39507,-0.6088,4.018,-5.4553,2.1782,-1.794,2.8618,-2.8891,2.0491,-0.32304,-2.6951
11.587,2.017,-7.5527,1.9422,2.5768,-1.8234,0.99305,0.64392,0.71334,-1.4027,-1.6655,2.5721,-2.06,1.4321,-0.45696,0.25601,0.96898
10.035,0.62206,-8.791,6.0772,-1.5329,0.72891,-0.39339,-0.054679,2.9504,-2.3938,-1.3346,0.53728,0.80442,-1.0119,0.68017,0.17987,-0.32043
9.688,2.0411,-5.6058,-0.0092977,1.717,-0.41327,0.17044,0.84479,-0.15102,2.2204,-4.16,1.587,-0.72294,0.30868,-0.16019,0.74222,1.6446
10.648,1.5131,-7.6214,1.0141,4.0807,-2.8934,2.0252,-1.5967,2.917,-1.818,-1.3193,1.2147,-1.2698,2.1108,-1.7055,0.58462,2.8748
7.7705,0.46875,-6.833,3.5532,0.056673,0.60572,-0.76341,0.15978,2.9844,-2.3254,-3.312,4.2282,-1.4929,-0.54466,0.38245,0.82626,1.2701
7.0503,1.8149,-3.4205,-0.15384,0.31634,0.55956,-0.18264,0.17108,3.9725,-4.4172,-0.96621,1.7594,-1.0582,-0.11432,0.7069,0.62892,0.55094
8.271,1.3945,-5.482,2.0467,-1.0243,1.3129,-0.12856,-0.9076,4.7746,-4.1656,0.42575,-1.5757,1.1375,0.58035,-1.0892,0.88665,2.8625
11.478,1.7019,-8.0744,4.0314,-1.3319,1.1757,-0.69767,0.45904,2.3054,-2.046,-0.09402,-0.92555,0.11149,1.1539,-0.89759,0.41344,1.7245
13.93,2.2843,-9.3617,4.4235,-0.33482,0.82297,-0.72866,0.16855,2.7102,-2.5233,-0.095638,-0.54342,0.5293,-0.93274,0.85129,0.54947,0.24765
9.3323,1.8156,-5.7011,1.3063,0.051805,0.28507,0.26724,0.20701,1.8572,-1.2899,0.2482,-2.9438,2.2794,-0.79489,0.6286,-0.00566,-0.63992
7.5215,1.9767,-3.5681,0.18611,-1.7107,1.3222,0.20946,0.0093228,4.0742,-6.0994,4.7108,-5.738,5.7228,-4.1013,1.8803,0.01185,-1.8566
4.5572,-0.49765,-5.5525,2.7626,0.010024,-0.048619,0.41629,-0.42789,2.1359,-0.8103,-0.89498,-0.48008,-0.054734,-0.31558,0.94015,0.0918,-0.75655
2.8875,0.1505,-2.5865,-0.64092,0.99627,-0.45449,1.0022,-0.12288,-0.3301,2.8881,-3.0953,1.1851,-3.2705,2.5056,-0.25011,0.301,0.85211
10.109,1.6298,-6.8496,2.0676,1.1382,-0.28406,-0.032482,-0.13435,3.403,-2.6019,-1.9214,0.59995,1.5626,-2.0066,1.3153,0.30971,-0.69587
12.717,2.212,-8.2933,1.1598,3.7462,-2.4116,0.33922,1.0854,-0.31824,-0.088862,1.1959,-2.6057,2.7444,-3.6714,2.6934,-0.06656,-2.8265
5.703,0.07269,-5.5576,3.0422,-2.2864,4.3592,-3.703,-0.59491,8.2994,-9.8532,4.6935,-3.9421,4.8969,-1.8724,-1.5504,1.3143,4.179
14.077,2.762,-8.5532,4.0879,-0.47599,0.32116,1.0908,-2.592,4.6523,-1.9229,-3.0167,0.63862,2.7196,-2.2402,0.26754,0.64692,1.0263
9.9322,1.5009,-6.9303,2.8315,-0.31398,0.36806,-0.056849,-0.011067,0.6194,1.6152,-2.869,0.79031,-0.8754,1.1563,-0.76959,0.36713,1.5038
12.921,2.685,-7.5512,2.5823,-0.12967,0.36395,0.042129,-0.1352,1.9993,-0.44709,-1.1378,-2.1959,2.2416,-0.76795,0.0798,0.75769,1.4356
4.0242,0.27686,-3.4705,1.4879,-0.23375,0.52196,-0.29053,1.2265,0.7591,-0.35414,-1.3947,-2.0801,2.6794,-1.797,1.7726,-0.0163,-1.8052
5.4494,0.90321,-3.6429,1.3462,-0.83862,1.6857,-1.5818,1.6092,-0.27456,2.8438,-3.9395,-1.408,2.7974,-1.4592,-0.57335,1.4946,3.5625
15.095,3.2243,-8.6468,4.2236,-2.709,3.1309,-2.6541,2.026,0.80084,-0.56104,-0.02049,-2.9571,3.5015,-1.8309,-0.17362,0.58684,1.3473
8.5814,1.6343,-5.3129,0.62009,0.020731,0.97459,-0.020462,0.052439,2.2208,-2.745,1.8595,-2.7556,0.86933,0.31791,0.032786,0.35441,0.67603
19.076,4.3472,-10.382,3.2927,0.29183,0.87989,-0.73068,0.39979,2.8284,-4.9357,3.5646,-1.9289,-0.98333,1.7546,0.12613,-1.0269,-2.1799
12.293,1.8144,-8.6644,3.8359,0.48795,-0.98694,1.1609,-0.3436,1.1601,-0.10466,-0.94433,-1.054,0.76528,0.22415,-0.85051,0.94662,2.7438
10.247,1.8586,-6.5302,1.2234,1.3915,-0.35572,-0.27497,-0.13751,0.028505,4.8028,-7.2913,3.2844,-0.33153,-0.97776,1.7916,-1.7157,-5.2229
-0.189,-0.29867,-0.40834,2.94,-2.7277,3.0429,-2.724,3.149,-1.8078,0.27439,-1.6417,-1.4355,4.1355,-1.1065,-1.5014,0.28,2.0614
2.9358,0.66911,-1.5976,-3.4156,3.4929,-1.1424,1.4227,-2.0565,3.1349,0.31496,-3.1488,-0.10957,1.3721,-0.81045,-0.20693,0.53068,1.2683
11.268,2.2776,-6.7128,1.7016,1.5696,-1.7377,1.9108,-2.1697,2.8635,0.66938,-3.8539,1.2736,2.495,-3.4206,0.2215,1.0645,1.9074
8.5943,0.94549,-6.7033,2.5351,2.6692,-2.3183,0.42212,-0.086307,2.1659,1.0724,-6.3612,2.9244,1.1658,-1.3114,0.29173,0.55914,0.82655
5.2602,-0.47351,-6.2072,3.532,0.97553,-1.6872,0.93522,-0.88479,3.3669,-0.81288,-4.0279,1.8101,1.1223,-1.3477,0.40457,0.3301,0.25563
9.6171,2.4024,-4.8124,1.4601,-0.96853,-1.2391,1.815,-1.0573,1.878,-0.39908,1.4258,-3.7553,3.1324,-2.6789,2.1034,-1.3269,-4.7572
-3.3213,-1.5618,0.19776,-0.065007,1.2536,-1.3755,0.95875,-0.25465,2.5136,-2.8651,0.37646,-1.5568,2.1878,-0.43741,-0.15366,0.66087,1.4754
2.7554,0.23074,-2.2939,0.82123,1.2168,-1.3034,1.911,-2.4557,7.9911,-11.883,5.0818,-0.22328,0.67819,-0.81225,1.3021,-0.23685,-1.7758
10.343,1.8701,-6.6026,2.4549,1.1056,-0.74883,0.23191,-0.4749,1.875,1.4717,-4.5347,0.088158,2.0801,-1.5695,0.82287,0.43915,0.055432
-0.63542,0.76905,2.1735,0.19488,-1.2361,0.34971,-0.59204,2.1259,-0.82898,0.65352,-1.6778,-1.132,1.3767,-0.18946,0.7762,0.19673,-0.38274
10.143,1.7907,-6.5617,4.7323,-4.029,2.2967,-2.6991,2.6733,0.023577,1.2412,-2.7969,2.4631,-2.4584,1.2768,-0.99179,0.23162,1.455
11.738,1.9039,-7.93,5.7741,-0.82093,-0.099408,-1.1724,1.3354,0.21426,2.4566,-4.4619,2.6395,-5.8304,8.329,-4.1079,-0.26566,3.5766
10.125,2.2285,-5.668,-0.62835,3.5838,-1.6004,0.90202,0.48259,0.73067,0.3493,-4.12,2.9897,-0.82774,0.12963,0.53909,-0.1788,-0.89669
5.4938,0.90098,-3.6918,1.9174,-0.51055,0.945,0.36554,-0.095646,3.5029,-7.8391,5.8387,-3.3244,1.121,0.21991,0.23628,0.58719,0.9381
2.6613,1.6554,0.6495,-1.2787,0.98645,-0.65039,0.85886,0.64335,-0.65922,0.17848,-1.7185,0.59498,0.14523,0.18536,-0.029534,0.43695,0.90343
3.065,0.55293,-1.9591,-1.1614,0.93461,1.1627,-1.6044,2.3594,-0.29324,0.9248,-1.8376,-0.39057,-0.21924,0.24208,0.51757,0.16084,-0.19589
11.33,2.1481,-7.0335,2.05,1.1192,-2.0823,3.2735,-1.8692,2.616,-2.7538,1.669,-3.5414,1.8936,0.72889,-0.61873,0.15873,0.93619
16.642,3.5195,-9.6034,5.1981,-1.0152,-1.5224,1.0555,0.10507,1.7138,0.078528,-1.6429,-1.2608,1.7917,-1.6718,0.66083,1.0082,1.3555
8.6585,1.9285,-4.8015,1.5784,-1.4725,1.5725,-1.4436,1.2247,1.3279,-0.085907,-0.64687,-1.6334,-0.52036,1.8293,-1.2198,0.68804,2.5959
12.781,1.9735,-8.8344,4.2997,1.5929,-0.35527,-2.1453,2.8365,-2.2038,3.6464,-3.6804,0.49014,-1.958,4.1123,-2.112,0.38872,2.8894
0.15262,0.18168,0.21074,-2.4939,0.096328,-0.3322,1.0428,0.21316,-2.2983,5.5914,-4.2849,-0.96367,3.4239,-2.9926,1.3662,0.30016,-0.76592
11.194,1.6147,-7.9651,2.5828,1.3398,-0.67619,0.37276,0.32324,1.2523,-2.0058,1.1681,-1.2661,0.24883,0.41673,-0.22334,0.24318,0.7097
18.244,3.6202,-11.004,4.2594,1.974,-2.646,2.4037,-1.6636,1.3478,1.6777,-4.455,1.9283,1.046,-1.7081,-0.11936,1.1845,2.4884
-2.937,-0.04558,2.8458,-4.2279,1.1218,-0.44182,0.64542,1.1417,0.16595,-0.25581,-1.7861,1.2018,-3.0212,3.2263,-1.6801,2.1269,5.9339
14.138,2.2065,-9.7252,9.1446,-8.4866,6.5962,-3.3728,0.83828,2.9855,-2.4356,0.50359,-2.9733,2.5817,-0.45701,-0.074802,0.3454,0.7656
10.734,1.7081,-7.3178,4.7051,-2.6826,0.55917,1.0048,-0.47897,4.203,-5.7116,3.5498,-3.5187,3.0712,-3.1758,3.7935,-1.9359,-7.6653
10.198,1.8438,-6.5108,1.538,2.1431,-1.367,0.11303,0.55792,0.68876,0.96942,-0.99771,-3.5807,2.4732,0.29015,-0.60041,0.50557,1.6115
11.61,2.9318,-5.7461,0.22624,1.0508,1.4019,-3.4514,5.2117,-4.4692,5.4733,-6.636,4.1599,-2.2285,0.08889,-0.26521,1.0691,2.4034
4.1699,1.62,-0.92991,0.21831,0.6053,-0.52296,-0.31647,-0.24918,5.2326,-8.2959,5.6888,-6.0718,4.6452,0.73839,-1.7197,0.18291,2.0855
-0.95247,-1.5575,-2.1626,2.0916,0.68337,-1.9064,1.4633,-1.1816,5.4395,-5.0095,-1.9413,1.8676,0.74375,-0.89958,0.44785,0.54194,0.63603
13.38,2.804,-7.772,5.6235,-3.7349,2.2777,-0.054172,-2.061,7.44,-8.3,3.9575,-3.9249,2.8151,-0.46839,-0.25485,1.1445,2.5438
8.6311,0.72867,-7.1738,2.4027,2.1448,-1.4934,0.4686,0.058073,1.6092,-0.0037578,-2.8352,0.74852,0.35662,-0.094022,-0.056852,0.60775,1.2724
17.329,3.6525,-10.024,4.2697,-0.21624,0.01467,1.0901,-0.64484,2.1111,-2.2041,0.02228,-1.3044,1.4651,-0.98132,1.0613,0.15541,-0.75051
16.123,3.3505,-9.4223,4.1098,0.72628,-1.2074,0.52935,-0.016494,1.9192,0.38103,-4.1878,2.0748,-1.1332,0.96897,-0.36013,0.76937,1.8989
6.1366,-0.11067,-6.358,5.7196,-2.2169,0.49194,-0.11045,-0.064059,4.9732,-5.6359,-0.24657,0.25895,1.3687,-0.76784,0.45767,0.54179,0.62591
13.481,3.0091,-7.4624,1.7449,-0.81691,2.3532,-0.61588,-1.3701,4.1465,-2.9748,-0.37175,0.092552,0.29051,-0.42411,0.21435,0.25277,0.29119
12.275,2.9358,-6.4032,0.051505,1.9454,-0.088766,0.079933,-0.53468,4.1848,-4.664,0.34924,1.293,-1.7252,1.9634,-1.4209,0.07592,1.5728
10.245,2.201,-5.8431,2.1066,0.39546,0.084836,-0.33766,-0.22363,4.0125,-3.5136,-0.38417,-1.3045,1.0347,0.7402,-0.81806,1.0426,2.9033
8.9657,1.2361,-6.4935,3.0087,0.5742,-0.361,-0.1712,0.39528,0.41169,2.512,-4.7347,2.2441,-3.8513,4.7035,-2.2114,0.6289,3.4692
10.329,2.069,-6.1915,1.3178,1.8399,-0.99928,-0.60141,0.18657,2.0619,1.2669,-3.4974,-1.3462,3.1351,-0.89528,-0.51947,0.30651,1.1325
12.968,2.1966,-8.5752,3.6074,0.98503,-1.4919,0.2803,1.2256,-0.6234,2.1941,-1.8838,-1.5694,0.60992,0.48329,-0.69076,0.71242,2.1156
5.4197,1.9115,-1.5968,-4.2943,5.5061,-3.0681,0.82955,1.6838,0.12592,0.33109,-2.08,-1.9506,3.271,-1.1036,-0.61047,0.62216,1.8548
15.855,4.0178,-7.8194,2.444,-1.602,2.0497,-0.60543,0.33658,1.8117,-1.6628,0.23081,-1.1039,-0.74295,1.4169,-0.45762,0.5554,1.5684
12.303,1.8789,-8.5456,2.5831,2.8252,-2.0249,1.6873,-1.1375,0.22733,1.9119,-1.8723,-0.64517,-0.15879,0.98748,0.30825,-0.39041,-1.0891
7.0692,0.71466,-5.6399,2.3316,1.0989,-1.8176,1.3244,-0.18617,1.2225,2.3186,-6.5198,1.8233,2.5203,-2.5827,0.7881,0.85966,0.93122
10.918,2.2047,-6.5082,1.1007,0.76676,0.42236,-0.63921,0.82752,0.19803,2.7473,-5.1626,2.061,-0.69085,0.1605,0.30385,0.18595,0.068047
4.8228,0.52055,-3.7817,-0.79854,2.0469,-0.41067,0.16513,0.12425,0.73687,1.2715,-2.309,-0.21765,0.1377,-0.056596,0.59299,0.0271,-0.53879
12.409,2.1048,-8.1992,3.8881,0.46265,-2.0736,1.5614,-0.24184,1.658,-0.2082,-1.3551,-0.59748,0.65405,-0.82647,0.66474,0.59614,0.52754
6.7078,1.2049,-4.298,-0.52245,2.1835,-0.82849,-0.15136,0.51105,-2.6107,5.9327,-3.7389,0.56282,-1.0759,0.81842,-1.0698,1.3074,3.6847
10.414,1.4441,-7.5255,1.982,2.9059,-1.7905,0.26508,1.3077,-2.135,2.2963,0.354,-2.5045,0.63194,-0.39082,0.93133,0.13127,-0.66879
11.755,3.4587,-4.8374,0.09238,0.55733,-0.70535,-0.65575,3.4326,-2.5421,3.7116,-3.8577,-0.064563,1.8739,-3.1033,3.3959,-0.99068,-5.3773
11.218,1.9875,-7.2431,2.7615,1.4145,-1.3386,-1.1534,1.977,-0.79207,4.2968,-5.8362,2.154,-2.7797,4.3685,-2.2722,0,2.2722
10.28,1.1684,-7.9435,4.3849,-0.1568,-0.28006,0.062577,0.52661,2.0814,-2.9458,1.5873,-3.2378,2.0349,-0.596,1.3979,-0.5244,-2.4467
13.401,3.4817,-6.4372,2.4666,1.112,-1.6468,0.38906,1.7255,-0.75143,2.915,-7.4573,6.3874,-5.3764,3.6741,-1.3272,1.0899,3.5071
17.55,3.9715,-9.6069,3.6071,-0.018611,0.34647,-1.7367,3.4601,-2.3133,2.8375,-3.1258,1.5378,-1.5478,-1.0733,3.07,-0.49259,-4.0551
8.5287,1.5069,-5.5149,1.584,-0.30861,0.95529,-0.1103,-0.74706,3.9141,-3.0247,0.028989,-1.1926,-0.035716,1.5219,-1.4611,1.0137,3.4884
2.8792,0.82761,-1.2239,-1.2242,0.3927,0.67701,0.49295,-0.49266,-0.52603,4.5787,-8.5324,4.7876,-1.3835,1.1818,-1.1222,0.54086,2.2039
8.5966,2.2946,-4.0074,0.11264,-0.21112,1.1667,-0.39785,0.56968,-0.86644,3.6207,-3.6169,0.12258,-2.2355,2.8778,-1.0153,1.3284,3.6722
-12.211,-4.5464,3.1184,-0.56009,1.3129,-1.7702,0.89248,0.32668,0.72196,2.1337,-5.5624,0.24781,4.4208,-4.2919,2.5657,0.04297,-2.4798
8.9685,2.1694,-4.6297,-1.9581,3.4443,-1.5081,1.4277,-1.3381,2.1345,0.50527,-3.0217,0.74004,1.3612,-1.7288,0.54103,0.30061,0.060191
-4.944,-1.2229,2.4983,-1.5769,1.2196,-1.863,1.197,-0.047915,2.1597,-0.24669,-4.1941,3.4999,-4.0507,2.92,-0.29241,0.40762,1.1076
1.231,0.75074,0.27048,-0.81177,0.51426,0.55646,-1.7791,1.2149,1.1838,0.41607,-3.7491,2.3284,-2.3214,1.9123,-0.28289,0.48047,1.2438
7.4616,1.0831,-5.2955,-0.64906,4.1009,-2.1481,0.70057,0.19192,1.8487,-1.2237,-1.3879,0.88617,-1.1751,0.76804,0.16761,0.08462,0.0016305
2.3888,-0.21814,-2.8251,1.4639,-1.781,0.78146,3.0578,-5.1594,9.1908,-10.483,6.564,-5.7184,3.994,-0.73851,0.20942,-0.09915,-0.40772
8.7414,3.1027,-2.5361,-2.9364,4.7502,-4.8947,4.9993,-2.146,1.4996,-0.42715,-0.088931,-3.2381,3.6588,-2.6106,-0.21609,3.0282,6.2725
12.836,3.0353,-6.7652,-1.7902,5.8528,-3.6908,1.7758,0.15459,0.32825,-0.52889,-1.0289,1.0773,-1.4966,1.8114,-1.9001,1.5646,5.0292
15.907,3.239,-9.4292,5.9265,-0.36098,-3.5229,3.1759,-1.503,3.3159,-2.8834,1.7396,-2.6352,1.8434,-2.5789,3.1939,-0.11995,-3.4338
-2.1485,-0.19964,1.7492,-4.162,5.077,-0.81434,-2.5384,4.2602,-3.2432,2.9631,-4.2973,2.7275,-3.9774,5.9955,-4.4335,0.4791,5.3917
4.5691,2.3917,0.21433,0.58869,-0.98385,0.0094284,0.028432,0.2105,0.21417,1.2689,-0.20053,-4.3046,2.7352,-0.29557,0.53277,0.66745,0.80213
-3.7961,-0.60722,2.5816,1.2774,-2.2096,0.50838,1.3795,-1.3803,1.802,-1.4827,-0.14966,0.075754,-0.45413,0.43716,1.3461,-0.37325,-2.0926
1.6793,1.2595,0.8396,-1.5881,0.77209,0.56724,-1.3658,0.72548,1.3155,-0.60506,-3.2083,3.6715,-3.8139,3.4928,-1.7807,1.0278,3.8362
-3.7922,-0.81172,2.1688,0.40577,0.2026,-1.2512,1.5436,-0.75366,-0.14078,1.8073,-2.7788,-1.2038,5.0361,-4.8199,2.716,1.4541,0.19217
7.9058,1.1103,-5.6852,0.49656,2.5503,-0.36052,-1.6826,3.6451,-1.4119,-0.17973,-0.74065,-0.41827,0.11649,-0.16252,1.797,-1.1677,-4.1325
12.972,3.1196,-6.7332,-1.3745,4.3281,-1.9808,0.59112,0.44832,0.71203,0.12355,-1.807,0.26449,0.88773,-0.85757,0.00064972,0.43905,0.87745
8.9022,1.1114,-6.6794,2.7722,-0.16579,-0.088278,-0.69352,1.5826,1.9747,-3.0149,0.85714,-1.2893,1.9423,-2.9773,3.5004,-0.71848,-4.9373
11.98,2.7629,-6.4544,0.22036,1.5093,-0.5794,0.29694,0.11822,0.62954,1.7233,-4.6031,4.1486,-2.1822,0.11307,-0.12695,0.55617,1.2393
10.768,1.3594,-8.049,3.5183,1.3554,-0.39505,-0.81095,1.6968,-3.7752,6.1535,-4.9138,4.3095,-8.0517,7.7,-3.4571,-0.21579,3.0255
9.3518,2.4873,-4.3772,-0.82355,1.2228,0.53864,0.67603,-0.2949,-0.6018,3.0705,-3.5735,1.4585,-3.5502,3.7145,-1.9113,1.3511,4.6135
8.1125,0.32373,-7.465,3.6613,0.5199,-0.95441,0.93913,-0.72103,2.5693,-1.5788,-0.347,-1.9584,2.1455,-1.3514,2.7051,-1.1446,-4.9943
-2.5597,-0.63042,1.2988,-0.34251,-0.1928,0.32208,-0.39178,-0.77823,4.2965,-2.0693,-3.4965,3.036,-3.1058,2.438,-0.48855,0.74771,1.984
9.5113,1.2737,-6.9638,2.4968,0.45041,0.33325,0.3008,-0.72587,3.0079,-1.695,-2.1333,-0.19305,2.6739,-2.455,1.6462,-0.13508,-1.9164
12.914,2.8727,-7.1684,1.6418,2.1199,-1.0442,0.2907,1.1176,-0.59329,0.90241,-0.86185,-2.3998,2.2669,-1.617,3.4948,-1.7307,-6.9562
4.6522,-0.52736,-5.7069,3.864,-0.88953,0.073851,0.59412,-0.42533,2.2463,-1.7255,0.47886,-3.1009,2.1795,-0.30132,1.6837,-1.3711,-4.426
4.3812,1.007,-2.3673,1.8384,-2.7934,-1.003,2.5539,-0.8435,0.64104,1.1437,-0.11376,-1.6285,0.40678,-0.62516,0.035077,0.44009,0.8451
0.65065,0.56159,0.47253,-1.6093,1.8464,-3.062,0.19931,1.516,-1.3026,2.8521,-1.4946,2.0967,-3.1484,0.38823,-0.83804,1.2792,3.3964
2.913,0.98676,-0.9395,-0.12014,-1.3337,-0.052628,0.30496,-0.61641,0.64616,1.6115,-0.89628,1.6982,-2.3165,-0.83103,0.54624,0.5737,0.60116
3.5736,0.76829,-2.037,-1.8396,3.4413,-3.4741,0.65948,1.4125,-0.35498,0.96782,-1.2114,1.9572,-2.1998,-0.84115,1.5308,-0.28812,-2.1071
3.8477,1.9352,0.022758,-3.8251,2.4397,-2.5809,1.5057,-0.089115,0.32259,0.84307,-0.91466,1.7525,-2.1706,0.55159,-1.017,0.89949,2.8159
5.6392,1.4263,-2.7867,4.054,-5.9127,2.7709,-1.644,1.2608,-1.2019,3.2576,-2.1722,1.4997,-1.8028,0.85468,-1.5002,0.52039,2.541
10.397,2.2219,-5.9529,2.7421,-0.23449,-2.1719,0.92337,0.59292,0.29066,0.63483,-0.25566,0.20393,-0.19226,-2.4689,2.3449,-0.38308,-3.1111
5.721,1.6522,-2.4167,3.7924,-6.6031,3.3449,-1.8202,2.651,-3.093,3.9386,-0.82091,-0.37951,-1.6996,0.38591,0.70666,-0.27536,-1.2574
-0.7143,0.13704,0.98838,-6.2283,6.8226,-4.2887,0.30122,3.4127,-2.4409,1.582,-0.10504,-1.4908,0.47712,-2.5555,2.345,1.0689,-0.20716
-7.5878,-1.619,4.3497,-1.3396,-0.82927,-1.5132,2.6812,-2.123,-0.75307,1.4595,0.55976,1.9462,-4.669,1.6331,2.7314,-2.713,-8.1574
11.329,1.0854,-9.158,5.5541,-2.0977,1.4151,-0.031689,-1.059,1.4243,-0.14397,1.2611,-4.8086,3.8027,-1.0467,0.38398,-0.3516,-1.0872
2.312,0.71019,-0.89164,0.93884,-0.41354,-4.8241,4.3701,-0.19255,-1.0431,2.6607,-1.2906,-0.37455,-0.9396,-0.1282,0.38714,0.3906,0.39406
12.006,2.9996,-6.0067,-0.13989,1.8687,-1.1659,0.9838,-0.2225,0.75514,1.1071,-1.1086,-0.9174,-0.76826,0.82112,0.25693,0.13206,0.0071893
2.6636,1.3061,-0.051401,-1.5308,-2.07,2.9252,-1.4317,2.3712,1.1653,-4.9035,6.1499,-6.2877,1.8552,0.38458,1.159,-0.42279,-2.0046
13.926,3.1085,-7.7086,2.3714,0.94419,-0.77194,-0.71051,1.9547,-1.7984,-1.6639,8.4539,-8.1247,2.2746,-0.90745,0.6251,0.53098,0.43686
8.8359,2.252,-4.332,5.1924,-10.105,9.4491,-4.6969,0.61253,2.2579,-1.0962,1.0582,-3.3258,2.8067,1.07,-4.0258,0.5528,5.1314
4.1743,1.2121,-1.75,1.7146,-6.336,5.7728,-1.7818,-0.31039,1.1819,0.59541,0.68664,-3.4443,2.6559,-1.999,1.2294,-0.84477,-2.919
3.482,1.2315,-1.0191,2.9957,-3.4241,0.4471,-1.9833,2.9624,-3.9854,5.4395,-2.6937,1.5655,-1.4574,-1.3153,2.9488,-1.7341,-6.417
10.336,2.065,-6.2064,0.23703,2.6737,-0.92127,-0.014234,1.6346,-2.2574,0.37946,4.4319,-5.0608,0.50831,0.23778,0.46877,0.43078,0.39279
13.175,3.3999,-6.3752,0.6383,1.0313,-1.1089,1.6767,-0.68081,1.711,-0.64777,-0.38248,-1.8756,1.6389,-0.62679,-0.26137,1.1407,2.5428
5.1917,0.57263,-4.0464,0.65737,0.20429,-0.76714,2.46,-2.8074,3.1108,-0.43989,-1.1491,-0.016136,-1.4137,0.51735,1.1633,-0.01684,-1.197
4.8185,1.3832,-2.0521,1.399,-1.8412,-0.94993,1.4914,-0.44033,-2.0708,4.4677,-4.3089,5.0009,-3.991,1.1742,-1.3443,1.5428,4.4298
-0.072154,0.77317,1.6185,1.7283,-6.4137,6.0765,-4.0761,0.84895,-1.2359,1.4727,1.6984,-0.19855,-2.7195,2.1012,-1.4497,0.36976,2.1892
8.1066,1.3304,-5.4458,4.399,-5.3206,3.2247,1.3801,-3.6006,5.3947,-3.4324,0.52968,-0.81504,-1.2607,2.3988,-1.5938,1.1382,3.8703
-1.1313,-0.97584,-0.82035,2.6058,0.30571,-5.48,3.7489,0.092782,-2.6187,1.8246,1.0253,0.52991,-3.145,1.5409,0.28408,-0.27524,-0.83456
1.8471,0.41714,-1.0129,-3.5289,2.5281,0.83864,-1.4811,0.77059,-1.8602,2.7864,-0.13713,1.8185,-5.4105,1.3546,3.7033,-2.1864,-8.076
5.4105,2.1935,-1.0235,-6.0231,5.9441,-2.2243,0.53966,-1.3916,3.1595,0.092733,-3.4394,1.8701,0.011941,-1.0526,-0.30989,0.3795,1.0689
10.472,1.3003,-7.8718,3.3138,-0.10685,0.88263,-0.8231,0.90219,0.56868,-0.010968,-1.8439,2.4869,-3.8824,2.452,-0.95062,0.7852,2.521
2.9962,-0.16981,-3.3358,2.5672,-3.6934,2.6975,-1.0359,0.27064,0.39742,2.0844,-1.368,-0.63545,0.22634,-1.5761,1.5326,-0.29608,-2.1248
6.6965,1.6573,-3.382,0.41091,-2.6272,3.4281,-1.6266,-0.31716,1.5613,0.43831,-0.40413,0.026138,-1.3981,-0.73946,2.1125,-0.79833,-3.7092
11.8,3.913,-3.9736,-1.1503,-0.87609,2.665,-1.7258,1.2536,-1.0007,1.9531,-0.54431,-1.7656,-0.053518,1.3827,-0.70217,-0.16581,0.37055
0.33028,1.0221,1.7139,-1.088,-1.8516,-2.5659,3.3545,-0.010712,-0.46436,1.1015,-0.21848,-0.99417,0.36243,0.091957,-0.1827,0.20077,0.58424
0.88119,0.72935,0.57751,-1.763,-0.54556,0.75432,-3.2011,6.1242,-6.4351,7.7643,-5.9323,3.2922,-3.5898,1.7677,-0.19878,0.48623,1.1712
8.2476,2.8746,-2.4985,-1.4097,-0.91296,2.5503,-1.4701,0.77129,2.3178,-1.8927,0.51451,-2.5819,0.71541,1.9472,-1.9655,-0.05529,1.855
1.1453,0.92217,0.69908,-1.3335,1.2959,0.63365,-2.2088,3.0499,-0.35537,-1.9146,1.3357,-2.1883,0.64405,0.85219,-1.0955,1.5264,4.1482
2.8661,0.50266,-1.8608,-1.0183,0.82391,-1.1883,2.3376,-1.7952,0.48694,1.6906,-0.12817,-0.25641,-1.8622,-1.6779,3.6309,-0.78191,-5.1947
-0.72362,-0.05066,0.6223,4.1737,-8.3867,3.3799,-0.49663,0.20278,0.6355,-0.12266,0.46317,0.39813,-1.5998,0.90877,0.13067,0.12667,0.12267
-1.5695,-1.3239,-1.0784,8.2074,-13.294,11.791,-6.0688,1.9699,1.2263,-2.4361,0.80789,-0.56188,0.73875,-4.4959,7.8995,-1.1682,-10.236
-1.9533,0.99669,3.9467,-9.0829,4.3686,-0.36331,1.0168,-3.3763,6.1807,-4.5528,2.0363,-2.0361,2.8313,-4.456,3.7695,-0.54613,-4.8618
6.512,2.4602,-1.5915,3.9882,-7.6817,8.3485,-7.8996,5.1074,-5.1083,4.6053,0.21167,-0.99882,-1.6591,3.0172,-4.2248,3.1612,10.547
3.7172,1.2169,-1.2834,-1.3405,0.47542,-0.67078,0.19981,0.89377,2.9791,-4.4863,3.0283,-3.7573,1.4501,-0.43698,2.1232,-0.64496,-3.4132
22.753,5.6377,-11.478,4.7174,-1.5956,2.7897,-2.6423,1.6372,1.4571,-3.5727,4.8747,-4.4199,0.77965,0.34961,0.41726,-0.20187,-0.821
12.77,2.8095,-7.1509,1.0124,2.2368,-1.0987,0.5012,-0.1857,1.0341,0.37174,-1.2964,-0.44508,0.48327,-0.5515,1.1464,-0.07204,-1.2905
20.337,4.0066,-12.324,6.1149,-0.026828,0.49196,-1.1397,1.1287,0.36434,-0.18215,-0.25888,-1.0083,0.37448,-0.66773,1.2279,0.02967,-1.1686
-0.50504,-0.14993,0.20518,3.1076,-7.4176,5.6917,-4.6737,3.4072,-0.97834,0.26632,0.21294,2.6004,-3.4174,1.1132,-1.8751,0.98958,3.8543
5.0861,1.8695,-1.347,0.21945,1.129,-3.0858,-0.99301,3.7587,-2.8247,3.9109,-2.2614,0.18579,-0.13128,0.33928,-2.2156,-0.05498,2.1056
-1.2658,-1e-05,1.2658,0.083465,-2.9721,-1.061,4.4714,-2.5859,0.89731,-1.5179,2.6011,1.921,-4.1094,-2.6382,6.2563,-2.1444,-10.545
-4.5555,-0.34692,3.8617,-1.5435,-2.7047,-1.2476,2.0911,0.46211,0.75719,-1.5696,1.8919,-1.4616,-0.52868,0.85437,0.31347,0.45365,0.59383
6.5232,0.60535,-5.3125,2.0913,-0.69681,0.30323,1.938,-0.98744,0.93194,-0.67882,0.99808,-3.1172,2.4398,-1.341,1.0592,0.14726,-0.7647
13.784,3.0928,-7.5987,3.0355,-2.2073,4.1715,-4.0326,4.1729,-2.0828,-0.70803,3.3578,-2.7311,-0.6735,0.55882,0.64431,-0.02163,-0.68757
2.9265,1.7365,0.54652,-3.6435,2.3062,-3.9066,3.9244,-1.6511,0.63341,1.1641,-0.91732,-0.56469,1.6876,-4.1391,3.1473,-0.3566,-3.8605
-4.3625,-0.24579,3.8709,-4.8682,3.02,-3.1558,1.2154,0.18379,-1.121,1.9498,1.0182,-2.1512,2.9316,-4.3213,1.9099,0.32261,-1.2647
-5.7586,0.1347,6.028,-7.5792,6.6109,-8.3586,6.1151,-0.7474,-4.3378,4.9664,-0.37536,-0.73754,-0.21009,-0.64438,-0.34398,0.80813,1.9602
-2.9431,0.16267,3.2684,-0.5471,-2.6661,1.2065,-1.6718,2.1866,-4.3906,6.1028,-3.0611,3.0914,-5.5222,4.2341,-2.2634,0.18301,2.6294
4.6342,1.3636,-1.907,2.6011,-6.4216,3.6692,0.41479,-2.0313,2.704,-1.9462,2.2723,-1.5258,0.53372,-0.85328,0.19296,-0.28493,-0.76282
2.9076,0.92115,-1.0653,2.6822,-4.7944,0.70434,2.1086,-2.822,2.863,-1.6557,1.7858,-0.092136,-2.9965,2.8665,-2.4164,1.2721,4.9605
-9.7363,-1.5688,6.5986,-3.6813,-0.86503,-2.1312,5.456,-6.2053,3.9108,-0.095217,-0.087772,0.095005,0.19951,-0.19058,-2.5281,0.81956,4.1672
-4.4529,0.20058,4.854,-2.367,-1.8046,0.96044,0.97145,-1.0352,-0.64152,1.5955,0.67824,0.10428,-3.9034,4.0763,-1.5707,-0.40116,0.76836
3.6849,1.5669,-0.55114,1.3092,-4.4618,0.64511,5.239,-5.2607,3.7163,-6.0232,7.6173,-2.9572,-2.5036,2.2271,1.6536,-1.6788,-5.0113
-0.075359,1.2512,2.5778,0.94971,-4.3158,-0.17328,4.4201,-3.6699,-1.9582,5.6147,-1.8059,-0.30483,0.37562,-2.8169,4.415,-2.1835,-8.782
7.5145,0.45033,-6.6138,5.6755,-5.28,5.9233,-3.6165,-0.9786,3.5423,-1.2244,2.1275,-7.0281,5.7843,-3.2423,3.4536,-1.8228,-7.0992
15.032,3.0974,-8.8372,4.5157,-1.8642,1.6137,-1.0306,-0.26673,5.5972,-7.178,2.9821,-0.18471,-1.3381,-0.19493,2.7615,-0.27153,-3.3045
9.6533,1.3568,-6.9396,4.9531,-3.9488,3.7969,-2.9412,0.29661,4.4163,-4.341,1.9888,-0.16968,-3.1887,2.5916,-0.91534,0.60014,2.1156
10.197,1.806,-6.5846,5.5446,-3.8632,0.066128,1.0139,-0.64205,-0.03626,2.3777,-1.3227,0.62649,-3.4698,3.9077,-1.7225,-0.39765,0.92723
-6.079,-2.1892,1.7006,-2.2555,-0.87393,4.6286,-2.4844,-0.19188,-0.78964,4.6976,-5.876,2.9769,-4.1229,6.4421,-5.7036,1.8898,9.4832
-8.3136,-3.1698,1.9741,1.1974,-1.1518,2.3963,-4.7699,2.1851,-2.2559,3.6424,-1.8691,2.3528,-2.0861,1.1591,0.17789,-2.3384,-4.8546
4.5715,1.8938,-0.78377,-3.0514,3.3937,-2.6957,3.0961,-0.85073,-3.9859,7.9565,-4.8616,1.6417,-5.2405,3.4119,1.1882,-0.33668,-1.8615
-1.382,-0.74741,-0.11278,1.371,-2.9566,-0.58306,4.0815,-4.3593,2.8347,-1.46,2.1429,-0.21228,1.6384,-8.0662,9.0666,-2.3285,-13.724
8.0252,2.5954,-2.8343,-2.6942,1.1206,1.6181,-1.0235,-0.84952,2.8805,-2.075,-0.095704,3.1067,-3.8958,0.79736,0.13861,0.27036,0.40211
7.8431,0.65365,-6.5358,5.7018,-2.5448,0.73374,1.036,-1.1339,2.2519,-2.1693,1.2554,-2.1392,2.1318,-2.1095,2.0278,-0.29711,-2.622
8.6137,1.1592,-6.2954,1.1485,2.0103,-0.68928,0.12858,0.020403,2.4172,-2.5798,0.32879,-1.0537,1.4133,-1.1994,1.2207,-0.28334,-1.7874
2.7927,-0.18966,-3.172,0.73992,-1.3049,3.7211,-3.3383,2.8045,-5.604,8.991,-5.3256,-0.5848,0.078732,2.1664,-2.2959,0.56895,3.4338
2.2453,1.4817,0.71801,-1.7682,-1.6599,2.3221,-1.5627,0.48793,7.0888,-12.157,9.4401,-8.4798,8.0319,-6.9218,7.0464,-2.0717,-11.19
-1.7613,0.2751,2.3115,-0.24661,-5.4122,2.2458,0.75213,0.79784,-0.40651,-0.82242,1.2596,0.18569,-1.9237,1.6929,0.18266,-0.30131,-0.78528
3.7727,-0.19234,-4.1574,2.9729,-2.1083,2.1424,-1.7008,1.7754,3.3988,-7.0036,5.2848,-5.4802,3.7971,-1.3411,0.55767,-0.16829,-0.89425
2.9197,0.97624,-0.96717,2.5577,-1.9,-2.8233,1.6457,1.0937,-2.6732,2.5705,0.92639,-1.7575,1.0829,-1.2353,0.17634,0.19524,0.21414
-1.3352,-0.47625,0.38274,0.55264,0.35355,0.62272,-3.2016,4.0577,-6.0641,4.3933,-1.6867,0.65665,0.84597,1.4066,-3.8826,0.90785,5.6983
0.45652,-0.61145,-1.6794,6.2285,-6.7256,2.6973,-1.8626,-0.016173,1.1936,-0.72256,1.3298,-0.56113,0.91463,-1.6299,-1.3657,2.3235,6.0128
8.0765,2.2317,-3.613,2.2382,-3.6357,1.3485,0.31105,-0.76683,1.2954,0.028339,0.35635,-0.41904,0.65027,-1.3299,-0.68702,0.18259,1.0522
-0.97537,-0.1099,0.75557,0.78014,-1.1069,1.01,-0.42765,-2.2006,-1.5837,4.5791,-2.0951,1.2958,0.0768,-0.94362,-1.0498,1.4506,3.951
-0.11541,-0.2557,-0.39599,-0.24271,2.0244,-4.1289,1.9974,-1.7787,2.3774,-1.1553,2.3535,-2.1213,0.32324,0.28032,-1.2254,0.45663,2.1386
3.1952,1.3185,-0.55816,-0.029762,0.28865,-2.7904,3.4614,-4.1988,1.4255,3.2437,-3.3246,1.6718,2.328,-3.6557,-0.91812,0.97154,2.8612
4.004,2.3984,0.7928,-3.1712,5.7068,-4.6345,-2.443,4.0555,-1.5346,-1.4515,3.5536,-2.0331,2.9377,-4.1636,1.4722,-0.08414,-1.6405
0.27472,1.0033,1.7318,-1.61,0.49436,-1.2704,-1.5828,3.5385,-3.9934,3.7068,-0.751,1.7052,-2.7589,1.0534,-1.6052,0.70228,3.0098
1.4927,0.55117,-0.39031,0.15832,-0.44344,3.4694,-4.3646,2.1635,-3.9889,3.3699,-1.674,2.6245,-2.661,3.3597,-2.4099,-0.58459,1.2408
1.5594,0.85148,0.1436,-1.0226,1.3026,-4.5014,2.9001,-0.91438,1.2504,-0.59172,1.1612,-1.185,2.3239,-3.8085,1.2136,0.4332,-0.34717
-7.1728,-1.9361,3.3005,-2.0692,-0.92888,1.5252,-0.33157,-3.4903,4.1282,-1.5993,0.4297,2.204,-1.9851,0.024866,-1.9867,0.95194,3.8906
-3.7593,-1.0524,1.6545,-0.65462,0.18449,1.3978,-3.281,1.5921,-1.2163,0.46674,0.90852,0.96619,-0.64162,0.041175,0.7108,-2.3387,-5.3881
-19.027,-6.8921,5.2423,-1.2611,1.511,1.027,-1.1761,-0.76552,-0.20471,1.0717,-1.3481,2.0993,-1.9227,2.3449,-2.1598,-0.19936,1.761
-7.7165,-1.056,5.6045,-1.7205,-0.62351,-3.6421,4.5476,-3.777,1.6901,0.057822,0.2329,1.0381,-0.71028,0.15561,-1.1794,-0.12673,0.92592
-0.50021,-0.44111,-0.38201,1.675,0.79864,-0.16439,0.15303,-1.0359,-3.0088,3.0724,-0.28182,0.8193,-0.81918,0.45764,-1.0702,1.7645,4.5991
3.3558,-0.96314,-5.2821,3.5236,-0.80714,3.3996,-3.886,0.30275,0.022439,1.597,-1.0579,1.3085,-1.6183,2.6067,-2.5562,-1.05,0.45626
2.0159,1.2438,0.4717,-2.4323,-0.3437,0.57761,-1.1375,2.2702,-1.3969,0.17537,1.6119,-1.2986,2.6224,-4.6959,1.9777,-0.42187,-2.8215
1.9739,0.20247,-1.5689,0.20194,3.5956,-3.2465,-3.466,3.3432,0.21636,-0.26068,-0.28713,0.59931,-0.49041,0.85623,-0.20139,-1.1641,-2.1269
-1.1153,-0.00405,1.1072,-0.45781,-0.4685,0.019602,-0.53469,0.58572,-0.15309,0.53772,-0.22111,-0.018303,0.85413,-1.2078,1.4458,-1.6794,-4.8045
0.038061,0.20485,0.37164,1.1764,0.38516,-2.7171,1.3333,-0.70438,1.0744,-1.4084,2.2377,-0.031563,-0.33619,-0.94519,0.2932,-0.22761,-0.74842
-3.6086,-1.7619,0.084818,3.9242,-0.69121,-2.854,-1.1272,2.6014,-1.8544,2.9601,-2.8846,-0.056315,5.8536,-7.3801,4.8644,-2.2326,-9.3297
-14.704,-4.0847,6.5347,-1.0122,-0.56736,-4.2068,4.8313,-2.3694,-0.18092,1.3602,0.61963,-1.5488,4.2759,-6.7047,4.0382,-1.2171,-6.4725
-5.1634,-1.4634,2.2367,-1.279,1.3916,-2.7636,6.0711,-9.9104,4.7989,3.4137,-5.6459,4.1494,-0.82884,0.58103,-3.8899,1.7718,7.4334
-1.6059,-0.10532,1.3953,1.3348,-2.311,-2.2715,1.6378,0.70539,-1.6509,1.2644,0.73562,0.075941,-0.33733,-0.97334,0.50953,-0.22233,-0.95419
-2.4834,-0.93042,0.62259,1.4216,0.47896,-6.192,4.687,-1.0103,-0.4557,1.6912,-0.66321,0.51759,1.5744,-4.1507,1.1989,0.49692,-0.20507
-5.2299,-1.3742,2.4815,0.97064,-2.0672,-1.1792,0.39699,-0.52487,0.65728,0.79898,-0.25315,0.097442,1.9537,-3.2668,1.2425,-0.7742,-2.7909
-1.8791,0.35622,2.5915,-2.0599,-0.16062,-1.5723,0.27658,0.57917,-0.16679,1.0058,0.36777,-0.85499,2.5367,-4.087,0.99976,0.27659,-0.44658
0.70572,0.34473,-0.016264,0.54293,-1.4033,-1.2288,0.34856,0.65717,-0.15677,1.0981,0.77087,-1.8312,1.5948,-3.6782,3.8341,-1.6923,-7.2187
0.56881,1.0696,1.5704,-1.6465,-0.15414,-2.1343,2.1547,-0.89894,-1.0547,1.7899,1.2636,-0.66415,-0.092532,-1.9964,0.53127,0.70319,0.87511
-0.60354,0.04026,0.68406,1.5232,-2.1549,0.1556,-1.8493,0.97725,0.69398,0.56262,-0.75433,0.58665,3.2227,-6.5047,3.5036,-0.82667,-5.1569
-6.3722,-1.8902,2.5918,-0.51651,2.5276,-2.7236,-1.3386,2.2984,-0.87604,0.55142,-0.45725,1.1685,-0.18219,-0.00353,-1.2214,0.09087,1.4031
-8.6754,-3.2535,2.1683,-1.116,3.3718,-0.99642,-6.1494,7.3025,-3.6931,0.55279,1.0207,-0.33175,2.9192,-3.8134,0.80603,-0.94788,-2.7018
1.5151,0.36713,-0.78088,2.1168,-1.6642,0.2234,-1.0591,0.31795,-0.88776,1.0835,-0.31971,-0.071148,2.8427,-3.8917,3.078,-1.2435,-5.5651
-4.0829,-0.6492,2.7845,-2.3594,0.048231,1.9971,-3.7181,2.2903,-2.3101,3.3089,-0.6793,0.085726,-0.341,0.34684,-1.3851,-0.90324,-0.42137
-5.6004,-0.42468,4.751,-4.5647,4.5892,-6.2753,3.1848,-0.73078,-2.8099,6.7469,-5.3216,3.8372,-2.6378,1.6179,-2.942,1.2316,5.4052
-0.31567,0.19027,0.69621,1.4326,-4.4922,2.996,-1.8476,0.52568,1.1401,-1.3126,2.0491,-2.7615,3.3843,-2.6578,1.1903,-2.0083,-5.2069
-1.4558,-0.85958,-0.2634,6.3696,-10.694,8.9679,-6.0499,1.0111,1.2044,-1.2221,2.1317,-0.39481,-0.3522,0.30146,-1.4044,-0.09179,1.2208
-0.52262,-0.41895,-0.31528,2.5825,-4.4718,5.379,-4.7338,0.40809,1.039,-1.0835,1.4901,1.4393,-2.4779,3.5741,-4.0195,0.06446,4.1484
-3.4141,-0.66589,2.0823,0.3273,-1.7718,1.2529,-0.00064194,-2.3301,1.2223,-2.0191,2.3189,1.382,-2.7718,2.2545,-1.495,0.16198,1.8189
-2.7018,-0.6385,1.4248,-0.35905,0.70795,-0.73135,1.1726,-3.4368,-1.0078,4.856,-3.7889,5.0754,-6.7613,5.7752,-3.1053,0.55143,4.2082
-5.919,-0.84328,4.2325,-1.4497,-2.5446,2.1411,-0.91478,-0.15356,-2.5819,2.937,-0.17596,2.0134,-3.1341,1.5781,-0.46795,-0.65505,-0.84215
-3.7302,-0.95029,1.8296,1.4811,-3.607,1.3956,1.7272,-4.0838,-0.57187,4.1498,-1.958,2.7937,-4.1816,2.6035,-0.60457,-0.25918,0.086205
0.0023795,-0.20211,-0.4066,-0.90005,3.9057,-6.335,3.1426,-1.1828,2.1949,-2.847,2.4222,1.2427,-0.41978,-2.8985,2.4131,-2.1054,-6.6239
-11.38,-4.7089,1.9619,-0.27788,4.1565,-2.5536,-3.3937,4.2243,-3.4384,1.7126,0.11338,-0.32688,2.6758,-3.7347,2.7091,-0.97072,-4.6505
-7.3894,-2.37,2.6494,-1.0877,2.3612,-3.7372,-0.37224,2.9461,-3.0721,2.3225,0.14206,-0.19076,2.9609,-6.6129,5.9107,-2.93,-11.771
5.9133,2.6219,-0.66944,-1.2872,-2.3355,2.7634,-2.7707,2.7559,-2.4015,1.862,-0.7297,1.8242,-1.9629,1.3271,-2.0984,0.54357,3.1855
0.84163,0.94569,1.0497,-1.4392,-1.604,0.73346,-1.0404,2.0963,-3.5814,4.7026,-2.1439,0.74656,-0.089674,-1.1405,0.71453,-0.32809,-1.3707
1.0419,1.0764,1.1109,-3.9055,-0.86344,2.796,-3.1598,4.7887,-3.7092,1.413,0.37394,0.60135,-0.8136,-1.489,2.3467,-1.2286,-4.8039
-7.7924,-2.0067,3.779,-0.66403,-2.4888,-0.35866,2.9117,-3.6997,2.5786,-1.2016,2.2279,-1.3357,2.1537,-3.1308,0.15034,-0.20236,-0.55506
3.4993,1.4978,-0.50368,0.6352,-0.73645,-3.5428,3.2599,-1.9287,3.6861,-4.5974,3.5289,-1.3588,2.261,-3.6058,3.8848,-3.4194,-10.724
1.4592,1.7409,2.0227,-3.903,2.8615,-5.2846,5.0083,-2.0445,-0.50043,1.5054,0.68975,-0.312,-0.0063463,-1.3565,2.0448,-2.3056,-6.6559
-2.6031,-0.97678,0.64951,0.31436,1.0503,-0.10679,-2.5588,1.9541,-3.2143,2.8378,-0.55578,0.19179,1.5092,-0.90548,-0.68319,-0.233,0.21719
-2.1026,-0.75987,0.58288,1.0655,-0.7774,0.92658,-0.60463,-1.9051,-0.58057,1.8137,-0.63997,1.506,-0.86954,1.1676,-1.6105,0.22348,2.0574
-0.96165,-0.40403,0.15359,3.1116,-5.8535,6.3092,-3.5302,-1.8208,9.8898,-14.472,8.1332,-2.6825,2.4685,-0.75292,-0.3419,-0.38051,-0.41912
0.43449,0.08781,-0.25887,0.21008,0.15611,1.5891,-0.50625,-2.1985,-1.5534,2.8271,-1.2197,1.2088,-0.77036,1.6619,-1.3463,0.24589,1.8381
0.37174,0.84508,1.3184,-2.468,3.686,-2.9463,0.79783,-1.2591,-1.8462,4.1819,-3.7263,5.0445,-3.8768,1.7414,-1.872,1.2845,4.441
0.23977,-0.17793,-0.59563,1.3506,-0.4656,1.1523,-1.1545,0.04981,-2.2472,1.3241,0.58058,-1.0132,1.4795,-0.91962,1.9854,-1.115,-4.2153
-0.83912,0.04909,0.9373,-0.26381,0.23572,0.73478,0.0061362,-1.7607,-1.7994,2.3016,-0.51494,1.702,-1.8162,1.9694,-1.0544,-0.63817,-0.22192
-8.114,-1.6156,4.8828,-3.7484,3.1514,-0.15782,-2.7687,1.9119,-4.1333,4.1822,-2.9022,4.6927,-3.6895,2.3605,-1.7759,0.64208,3.0601
1.5529,0.41463,-0.72364,1.5102,-0.59431,1.6262,-3.043,-0.12258,0.91895,-0.77025,0.72842,-0.54108,2.4058,-1.9979,0.39932,0.18976,-0.019805
-1.1552,-0.57867,-0.002112,3.3648,-3.9088,1.9698,0.022206,-3.2159,1.3837,0.63257,-0.094766,-0.19554,1.1662,-0.53412,0.50728,-0.62691,-1.7611
-0.11684,-0.51138,-0.90592,4.3582,-4.9789,1.053,3.4447,-3.1723,-2.2479,1.5086,1.625,0.13632,-1.1104,0.73495,0.01153,-0.83681,-1.6852
-1.631,-0.17672,1.2775,-0.22819,-0.49732,0.56075,-1.4144,1.9157,-3.0674,0.081818,2.0774,0.55517,-1.4485,1.9252,-1.4809,-0.50807,0.46475
-3.7088,-1.8709,-0.032925,6.8639,-10.452,7.5444,-3.6389,-0.85545,3.0832,-4.5832,3.6709,0.15263,-0.39233,-1.3233,2.1502,-1.1785,-4.5072
-1.3341,-0.22088,0.89237,-0.41153,0.75375,0.36929,-1.0131,-0.93731,-1.5057,2.6621,-1.1554,2.0311,-1.9906,1.6332,-0.70974,-0.51338,-0.31702
0.52594,0.03037,-0.4652,1.223,-0.41852,0.69395,-1.9321,0.47522,-1.487,1.2822,0.67044,-0.25912,1.9451,-2.6019,1.478,-1.4273,-4.3325
-5.382,-1.6842,2.0136,-0.088535,0.5938,-0.16999,2.6124,-4.1345,1.772,-1.7929,0.14223,0.473,0.56035,1.9968,-3.2901,1.5363,6.3627
0.87409,0.26796,-0.33817,0.10221,1.7157,-1.1593,-1.9909,5.1038,-8.8673,6.6967,-3.1821,3.4416,-1.8312,0.042714,0.052607,0.01488,-0.022847
-5.324,-1.5631,2.1977,-0.56733,0.13962,1.6399,-0.6505,-1.8923,1.6272,-2.9853,1.275,0.53591,0.86296,0.3619,-0.13579,-0.56635,-0.99691
1.2503,0.23547,-0.77935,0.27174,1.1052,-0.81316,-0.79812,0.72489,-0.71248,0.18531,-0.29215,0.28881,3.8785,-6.3197,5.0682,-2.5783,-10.225
1.0473,0.55561,0.063887,0.9061,-1.4154,1.2703,-1.999,1.8262,-1.5682,-1.3621,1.5617,1.833,0.046445,-3.534,4.0887,-2.0625,-8.2137
-3.3699,-0.73425,1.9014,0.040732,0.062542,-0.44288,-0.26587,-1.0763,-2.3411,4.288,-0.83481,-0.34112,-0.0035622,0.35543,1.3164,-2.3547,-6.0257
-4.1955,-1.2481,1.6994,0.20761,0.24051,-1.2995,2.9663,-3.4233,-1.3065,1.5937,1.1648,-2.1842,4.1523,-3.2139,1.3879,-1.2553,-3.8985
0.62794,1.449,2.27,-0.77043,-0.25286,0.18501,0.93224,-1.0752,-3.9059,5.5208,-3.8058,2.428,-1.4704,1.502,-0.10196,-0.207,-0.31204
-6.2353,-1.991,2.2534,2.079,-2.0883,1.3098,0.72757,-1.4793,-0.39557,-0.55838,-0.83571,1.9362,1.4685,-2.3803,2.8812,-2.1633,-7.2079
5.763,2.8271,-0.10878,1.3868,-2.5833,0.88496,0.72284,-1.6769,-1.2368,2.3416,-0.31989,-0.054315,-1.0584,2.5243,-0.47364,-0.29392,-0.1142
-2.644,-0.40806,1.8279,-1.3678,0.87574,1.9101,-2.7676,2.4537,-5.6631,4.6564,-1.7847,0.46003,0.37039,1.4649,-0.69445,-0.81615,-0.93785
-0.051437,0.32385,0.69914,2.402,-2.637,-0.2401,5.2337,-8.7295,5.14,-1.8083,-0.66792,1.412,1.4629,-0.71853,-1.0433,0.08522,1.2137
0.69372,0.90265,1.1116,-0.13378,1.4295,-1.1712,0.64787,0.78617,-3.3914,1.9477,-0.38754,0.0036867,0.37273,1.3136,-2.6185,1.5378,5.6941
-0.21419,-0.00701,0.20017,-0.099768,0.0096626,1.2387,-0.022953,-4.0697,4.926,-4.2796,0.62735,1.623,-0.3274,1.3898,-1.0475,0.29789,1.6433
-1.0158,-0.23141,0.55297,1.8181,-3.1625,-0.56396,1.0959,-0.15188,-0.095326,1.188,-0.41285,0.12289,1.0215,-1.2225,0.12226,-0.36676,-0.85578
-5.1412,-1.4427,2.2558,-1.4645,1.0149,-0.19556,3.4369,-3.4373,-2.6251,2.8821,-1.3289,0.88111,-0.12554,0.93829,0.23003,-0.02353,-0.27709
0.47538,0.3296,0.18382,0.07853,-0.9306,2.5624,0.22953,-2.4917,-2.2524,3.127,-1.2635,0.90717,-1.1292,2.1882,-1.1342,0.37082,1.8758
3.3663,0.52494,-2.3165,1.9355,-1.7133,4.8053,-4.2344,0.12443,1.2901,-2.2478,1.1486,-0.40618,1.3199,0.6104,-1.1743,-0.04687,1.0806
0.36036,-0.54386,-1.4481,1.4811,0.5777,-0.13078,-0.094379,-0.96417,2.7175,-7.0404,5.7057,-0.8194,-0.95566,2.0155,-0.61993,-1.1276,-1.6352
-6.3378,-2.6319,1.0741,0.14497,1.1423,1.2074,-0.70808,-1.9938,1.4457,-2.3087,2.1965,-3.1875,4.6317,-2.3445,1.1276,-0.19189,-1.5113
-0.25359,-0.00824,0.23711,-0.14807,0.25612,1.8466,-3.1373,2.6823,-2.839,0.5542,0.96872,-0.81494,0.06313,1.5031,-0.33247,-0.51984,-0.70721
2.0485,0.55208,-0.94432,-0.27981,1.3124,1.7518,-2.4266,-0.46172,-0.67603,0.85477,-0.54752,0.48788,1.5619,-1.3816,1.3838,-1.1876,-3.759
-5.688,-2.0613,1.5655,2.6227,-1.9634,0.82393,-0.052977,0.66742,-4.4648,2.9763,0.093729,-0.081595,0.37473,-0.99078,2.8776,-2.1323,-7.1423
2.0839,1.3154,0.54684,0.72122,0.014155,-0.4443,0.76259,-1.4945,-0.23125,1.5303,-0.22067,-0.53652,0.47717,-0.48295,2.3439,-1.8897,-6.1233
-1.7716,0.11542,2.0025,-2.3257,1.9336,0.13126,-0.55429,-0.51091,0.0010831,-2.1768,1.6946,1.371,-4.1491,7.1753,-5.5953,1.183,7.9613
-2.8466,-0.74129,1.364,0.92392,-1.8028,0.50262,2.5387,-5.3834,2.9291,-1.545,1.3792,0.33011,0.43571,-0.44457,0.54053,-1.0613,-2.6632
-4.0867,-0.6478,2.7911,-1.5469,0.90497,-0.87694,2.1044,-4.551,0.7517,1.4445,0.14752,1.0548,-1.0781,-0.031434,0.30686,-0.49832,-1.3035
1.4201,0.3966,-0.62691,-0.48494,2.9272,-0.69574,-0.79324,-1.5395,-0.98083,0.19879,3.7912,-2.2395,0.26313,0.46585,0.32521,-1.0456,-2.4164
6.491,2.8445,-0.80214,-0.46437,0.3399,1.4245,-0.90113,-3.4537,2.2887,0.42954,-1.6872,2.8399,-1.2218,1.8815,-1.9962,-0.359,1.2782
-0.93111,0.15267,1.2365,-0.71489,2.2119,-2.3097,0.81139,-1.9173,1.5582,-2.9416,2.7495,-0.1398,1.3427,-1.5016,0.99967,-1.4503,-3.9002
-3.1938,0.01809,3.23,-1.6049,-0.35897,3.6201,-4.0918,-0.10673,-0.18836,1.512,-2.0938,3.4235,-2.3672,2.8951,-2.5508,-0.15087,2.249
0.59307,0.10246,-0.38815,0.47372,0.627,-0.016395,-0.43482,-1.7522,0.15653,1.2165,-0.1945,0.66447,-0.36586,0.16607,1.8171,-2.6249,-7.0668
-0.56543,-0.21631,0.13281,0.36485,0.1383,0.93593,0.50589,-1.6616,-2.1408,0.95465,1.2269,-0.85648,1.8282,-1.203,1.8715,-1.2154,-4.3024
3.1057,0.71597,-1.6737,2.2367,-1.8125,3.2377,-2.8522,-1.3371,0.31543,0.91546,-0.52151,1.1706,-0.55234,1.096,-0.73859,-0.20366,0.33127
0.46847,0.10742,-0.25363,-0.14458,1.2391,-0.096608,1.6916,-5.9237,3.2438,-0.64,0.266,0.25449,0.75143,0.67484,-1.7885,0.06786,1.9243
1.4903,0.3755,-0.73934,0.16292,1.2023,-0.41883,-0.28587,-0.31114,0.91373,-2.9406,2.5246,-1.7746,2.3918,-1.745,3.877,-3.4466,-10.77
3.2683,1.4664,-0.33541,0.39633,-1.6637,2.9936,-0.42367,-3.5215,4.178,-4.2539,1.6477,-0.11436,0.74117,1.8402,-1.6793,-0.2887,1.1019
-0.12044,0.03983,0.2001,-0.20334,1.0911,0.21823,-0.13267,-3.2707,0.15691,2.9615,-1.5721,1.1769,-0.66717,0.69549,0.035133,-0.19906,-0.43325
-2.9718,-0.4701,2.0316,-2.4181,1.5965,1.2705,-1.0371,-0.14404,-3.8266,4.7721,-3.3747,2.078,-1.3109,3.9716,-4.7034,0.94022,6.5838
1.0899,0.337,-0.41593,0.15782,0.40068,0.71956,-1.2411,-0.33632,2.0809,-4.3701,4.0572,-3.3285,3.1118,-1.1729,2.4962,-2.6354,-7.7671
