-0.75808,-0.90319,-0.98935,-0.73995,-0.67193,-0.12777,-0.95307,-1.0166,0.7973,2.1169,1.9854,0.61591,0.56603,-0.13684,-0.52228,-0.05068,0.78823
-0.48845,-0.70828,-0.47688,-0.65814,-0.45374,-0.47302,-0.71214,-1.0284,0.24048,3.1138,1.2895,0.44874,0.04379,-0.31104,-0.30332,-0.34575,0.82285
-0.42218,0.23887,1.8443,-0.02083,-0.61105,-0.65827,-0.79992,-0.39857,-0.09166,2.0331,1.5846,0.68744,0.14443,-0.7291,-1.461,-0.82353,-0.51662
0.09824,0.55258,-0.89641,-1.1911,-1.1174,-0.76133,0.09824,2.1612,1.4613,1.0315,0.67537,-0.33155,-0.6017,-1.3999,-0.42978,-0.15963,0.81045
-1.2986,1.7142,-0.52745,-1.1193,-0.63505,-0.02532,-0.36605,-0.76059,1.4452,2.055,-0.22259,0.20782,-0.36605,0.01055,-0.77852,-0.49159,1.1583
-0.40461,0.15884,-0.17072,-1.1382,-1.0531,-0.87238,-0.67039,0.25452,1.796,2.317,1.105,-0.04315,-0.52155,-0.90428,-0.72355,0.05253,0.81798
-1.1819,-0.09527,-0.73766,-1.1067,-1.175,-0.97002,0.01407,1.3945,1.3057,1.661,0.56078,-0.47114,-0.68299,-0.75816,0.05507,1.3398,0.84781
-0.74382,-0.9365,0.03896,-0.7679,-0.65952,-0.40662,-0.35845,1.1108,1.2914,2.3391,0.91809,-1.0569,-0.79199,-0.86425,-0.14168,-0.18985,1.2191
-1.3848,-0.03287,0.70618,-0.826,-1.2586,-0.68179,0.11133,1.8238,2.2203,0.61605,0.4358,-0.23115,-0.42943,-1.1685,-0.42943,0.05726,0.47185
-0.42287,0.87044,-0.35569,-0.60763,-0.87637,-0.99394,0.1818,2.2141,1.1896,1.6431,0.04742,-0.69161,-0.69161,-1.0443,-1.1955,0.28257,0.45054
0.45129,-0.79394,-1.0948,-0.95273,-0.71037,-0.20893,-0.69366,-0.96945,-0.20058,2.0057,2.0392,1.2703,0.24236,0.02507,-0.71037,-0.41787,0.71873
-0.91548,-0.33907,2.8821,0.87027,-0.0113,0.45209,0.20344,-0.73465,-0.79116,0.54251,0.80246,0.21474,-0.05651,0.0113,-0.58772,-1.2206,-1.3224
-0.9523,-0.89126,-1.1158,-1.1049,-0.80405,-0.44435,-0.52937,0.45384,0.50398,2.4464,1.6681,0.11593,-0.29828,-0.22198,-0.1108,0.14645,1.1384
-0.42286,-0.71013,-0.83755,-0.71013,-0.56186,-0.54565,-0.73562,-0.4553,0.53856,3.0105,1.4305,0.17948,-0.04293,-0.40433,-0.54565,-0.10548,0.9185
-0.43229,0.35748,0.18347,-1.1284,-1.4496,-1.2488,-0.53938,0.26378,0.61182,2.004,2.0173,0.12992,-0.60631,-0.9008,0.14331,-0.20473,0.79922
1.1007,-1.3684,-1.4766,-1.1467,-0.56943,-1.0746,-0.81685,-0.4818,0.5285,1.9409,1.4151,0.63675,0.39448,0.10067,0.10582,0.07489,0.63675
-0.55084,-1.3072,-1.6719,-0.911,-0.2537,-0.51032,-0.59586,-0.93801,0.66922,1.8397,0.95284,0.81328,0.21001,-0.41578,0.15598,1.232,1.2815
-0.03699,-1.116,-0.94027,-1.415,-0.78304,-0.51175,-0.1788,-0.89711,-0.1264,1.9268,0.49634,0.38536,-0.06474,-0.3237,0.15414,1.637,1.7942
0.35471,-1.0174,-1.5183,-1.0582,-0.81793,-0.63063,-1.1559,-0.80571,0.0982,1.5681,0.77817,0.63973,0.18778,0.13892,0.3425,1.9549,0.94104
-0.61916,-0.7923,-0.75648,-1.1326,-0.82215,-0.05198,-0.26094,-0.9535,-0.21915,2.7421,0.50326,0.37789,-0.27885,0.00176,-0.04601,0.53312,1.775
-0.19331,-1.1316,-1.2109,-0.59858,-0.54131,-0.74395,-0.1008,0.02254,0.26923,3.0621,1.0974,-0.09199,-0.65585,-0.4444,0.67451,0.08862,0.4983
1.4351,-0.9766,-1.401,-1.0538,-0.86083,-0.34955,-0.31097,-0.36885,-0.94766,0.58618,2.3516,1.1071,0.39325,0.72124,0.16173,-0.26273,-0.22415
0.49232,0.51382,0.02277,-1.0382,-1.8733,-1.4396,-0.81596,-0.81596,0.02277,2.1483,1.4995,0.50307,-0.01307,-0.14928,0.11955,0.34536,0.47798
1.2613,0.55898,0.20784,-0.49443,-0.67,-0.60417,-0.84557,-0.51638,0.93207,2.2049,1.5685,-0.20913,-0.51638,-1.5259,-0.69195,-0.82363,0.16395
0.36415,-0.70828,-1.2757,-1.1509,-1.2927,-1.3154,-0.81042,0.71028,1.1869,0.74433,0.80674,1.5898,1.4423,0.34713,0.27904,-0.53238,-0.38485
1.4902,-0.68364,-1.2579,-0.99419,-0.70491,-1.0835,-1.1856,-0.76447,-0.47945,0.83504,1.5327,0.93288,0.07357,0.32456,0.2097,0.09059,1.6646
-0.56861,-1.2382,-1.5463,-1.1725,-0.35088,-0.6179,-0.45769,-0.57271,0.35571,1.6949,1.128,-0.34266,-0.17423,0.89798,0.64738,0.4502,1.8675
-0.2117,0.6351,-0.50573,-1.0703,-1.1291,-0.88209,-1.1879,-1.1643,0.23522,1.6701,1.7877,1.1526,0.39988,-0.11761,-0.61158,-0.17642,1.1761
0.48268,0.94636,-1.9341,-1.5828,-0.83809,-0.1215,-0.37441,-0.72568,0.38433,2.1407,1.0869,0.55294,0.65129,-0.65543,-0.21985,0.32813,-0.1215
-0.75696,0.62268,1.9899,0.94034,1.8217,-0.35833,-0.45487,-0.95316,-1.1992,1.205,0.45762,-0.09361,-1.1058,-0.55453,-0.84416,-0.24621,-0.47044
2.3149,2.2,1.1917,0.40141,-0.28568,-0.6046,-0.65384,-0.34899,-0.23174,-0.15436,-0.50611,-0.72888,-0.86958,-0.89538,-0.6515,-0.51314,0.33575
-0.74556,-1.4258,-1.3552,-1.214,-1.1306,-0.73272,-0.14873,1.1733,1.9434,0.7818,0.48018,-0.18082,0.49943,0.04379,0.49301,0.21706,1.3016
0.15878,0.84738,2.3898,1.9063,1.0096,-0.33089,-0.82974,-1.0501,-0.95215,-0.03402,-0.22683,-0.66141,-0.75629,-0.83892,-0.35843,-0.41352,0.14042
-0.54172,-1.0431,-1.4108,-1.5111,-1.4443,-0.642,0.29396,0.0934,0.89566,1.6979,1.4639,0.59481,0.16026,-0.29102,0.26054,0.27725,1.1464
-0.93736,-0.94103,-0.73569,-0.75403,-0.5927,-0.5267,-0.75769,-0.77236,-0.1527,2.5606,1.4203,0.21396,-0.15637,-0.03537,-0.02804,0.74562,1.4496
1.0679,0.30566,-0.38853,-1.0283,-1.1916,-1.3107,-0.92278,0.39754,0.89776,2.3746,1.0577,0.08787,-0.40554,-0.89216,-0.60631,-0.14352,0.70039
-0.62731,-0.3731,-0.42394,-0.88153,-0.41123,-0.77984,-1.1866,-0.65274,0.83443,2.8809,1.1141,0.85985,0.08449,-0.4875,-0.39852,-0.23328,0.6819
1.4343,-0.52505,-0.44341,-0.06243,-0.57948,-0.96046,-1.0149,0.01921,1.4071,2.2507,0.99888,0.50904,0.26413,-0.76997,-0.6339,-1.0421,-0.85161
-0.57943,-0.80507,-0.97892,-0.91604,-0.67191,-0.23173,-0.64232,-0.74219,-0.12816,2.4574,2.1208,0.95564,0.27873,0.0161,-0.27612,-0.17255,0.31572
-0.92753,-0.45371,-1.1864,-1.0958,-0.58576,-0.34497,-0.1456,-0.50032,-0.20256,2.5109,2.0112,0.77873,-0.13007,-0.10159,-0.1689,-0.17149,0.714
-1.0663,-0.36717,-0.46825,-1.1084,-1.0495,-0.08077,0.02032,-0.78834,0.54257,2.7074,1.7471,0.28145,-0.08919,-0.51879,-0.46825,0.19721,0.50888
-1.0692,-1.3694,-1.4408,-1.0334,-0.43305,-0.19004,0.46753,1.461,2.2615,1.0465,0.13874,-0.4259,-0.4402,-0.25436,0.27455,0.43179,0.57474
-0.06168,0.25287,-0.58593,-1.0892,-0.6069,-0.62787,-0.06168,1.0288,2.8322,1.3014,-0.01974,-0.58593,-1.236,-0.75369,-0.3972,0.10608,0.50451
-0.55027,0.59727,-0.73911,-0.34691,-0.09997,-0.86984,-0.75363,0.2777,1.0476,3.1974,0.51011,-0.52122,-1.0151,-0.14355,-0.40501,0.20507,-0.39049
-0.32592,-0.80293,-1.2799,-0.91301,-0.61946,-1.0965,0.22447,0.70148,2.8664,0.95833,0.00432,-0.436,-0.50938,0.1144,-0.10576,0.22447,0.99503
-0.44646,-0.85191,-0.86066,-0.60981,-0.62147,-0.3852,-0.68565,-0.83149,-0.22186,2.7592,1.7412,1.0382,-0.00601,-0.15477,-0.41146,-0.00017,0.54821
-0.56251,-0.70091,-0.9118,-0.75363,-0.47024,-0.21981,-0.62182,-0.71409,0.09653,3.0095,1.6255,0.53809,0.0504,-0.11436,-0.39116,-0.40434,0.54468
-1.2095,-1.5172,0.00226,-0.36319,-0.80558,-0.09391,-0.36319,-0.28625,-0.01697,2.0026,2.3296,0.86781,0.32925,-0.24778,-0.26702,-0.78635,0.42542
1.3569,-0.54876,-1.1568,-1.0796,-0.90267,-1.1432,-1.0569,-0.60774,-0.18123,1.6609,0.73078,0.71264,0.1863,-0.03603,0.20445,-0.09502,1.9559
-0.01932,-0.52303,-0.80774,-0.63253,-0.34783,-0.09233,-0.72014,-0.68363,0.56469,2.8788,1.4042,-0.17263,-0.16533,-0.53763,-0.64713,-0.77124,1.2728
2.1373,-0.06297,-0.83604,-1.1631,-1.4307,-1.1631,-0.92524,-0.6279,0.05597,1.2751,0.73984,0.41277,0.79931,-0.21163,-0.41977,0.20464,1.2156
-0.30568,-1.4185,-1.5796,-1.0308,-0.71858,-0.60276,-0.76893,-0.46681,0.50502,2.0358,0.89778,0.79203,0.24318,0.03673,0.05687,1.0035,1.3208
0.40731,0.31738,-0.74673,-0.67179,-0.83665,-0.74673,-1.3462,-0.1772,1.5014,1.996,1.5014,0.27242,0.12254,-1.2413,-0.83665,-0.34207,0.82695
-0.48655,-0.8753,-1.2222,-1.1385,-0.82746,-0.45067,-0.49851,-0.43273,0.37468,2.2825,1.7503,0.90098,0.03975,-0.31909,-0.5344,0.37468,1.0625
-0.17372,0.69214,-0.76126,-1.488,-0.77673,-1.0087,-0.90042,0.63029,1.156,1.9909,1.2333,0.72306,-0.65303,-0.88496,-0.76126,0.13552,0.84676
-0.61472,-0.37296,-1.1528,-1.2854,-0.79409,-0.77069,0.03257,0.05597,1.7717,1.257,-0.1078,-0.17799,-0.31837,-0.63811,-0.29497,1.4831,1.9276
2.0015,0.29635,-1.1551,-1.3524,-1.1974,-1.1904,-1.0706,-0.37302,0.09906,1.1207,1.0925,0.84593,0.47954,-0.30256,-0.02777,-0.28143,1.015
2.3864,0.30011,-0.75672,-0.72028,-1.0847,-0.46518,-1.522,-1.1394,-0.30119,1.5483,0.8012,0.30923,-0.51073,0.09968,-0.01876,0.39122,0.68276
-0.23603,0.36908,-0.26515,-0.23603,-1.1583,-1.2133,-0.36223,2.5727,0.62148,0.81563,0.34966,-0.89938,-1.443,-0.80878,0.29142,0.67649,0.92565
-0.6852,-0.98354,-0.97639,-1.0438,-0.96515,-0.9018,0.15362,-0.158,-0.4829,2.4014,0.73394,0.11581,-0.66988,0.2987,0.96178,0.72066,1.4808
1.9341,0.02423,-0.94112,-0.58744,-1.4529,-1.2698,-1.0452,-1.0035,-0.64569,1.285,1.3682,0.40288,0.46114,0.34879,0.18651,0.08249,0.85227
0.891,-0.36141,1.2455,-0.64497,-0.45593,-1.2121,-0.85764,-0.38504,-0.05421,2.0725,1.0328,0.56018,-0.69223,-0.33778,-0.76312,-1.3775,1.34
1.566,-0.19206,-0.22973,-0.7446,-1.046,-1.1967,-1.6487,-0.94552,0.12188,0.39815,1.227,2.0683,0.38559,0.33536,-0.54367,-0.05392,0.49861
0.26189,-0.07539,0.59917,-0.21385,-0.86711,-0.88487,-1.3393,-0.77481,-1.4245,1.7814,1.8666,1.0217,0.03822,0.76248,0.57432,-0.47658,-0.84936
-0.9828,-0.6927,0.07105,-0.54469,-0.68086,-0.521,-0.93544,-0.97688,-0.19538,2.386,1.9834,1.0657,0.36707,-0.01184,-0.43812,-0.47364,0.58021
-0.09593,-1.0778,-1.283,-1.3052,-0.95573,-0.78932,-0.48423,0.49761,1.374,1.7291,-0.01827,-0.09038,-0.50642,-0.21242,0.44213,1.7235,1.0523
0.77305,2.1431,-0.77729,-1.0837,-1.4263,-0.52491,-0.11028,0.77305,1.0615,-1.1198,-1.5344,-0.32661,0.10604,0.1421,0.57475,0.77305,0.55672
-0.37784,0.55571,2.9865,0.43241,-0.75361,-0.69489,-0.55398,-0.88278,-0.78884,0.90212,1.2016,0.34434,-0.26628,-0.2428,-0.56572,-0.74186,-0.55398
-0.52357,0.094,2.783,0.54817,-0.25494,-0.3851,-0.78666,-0.5208,-0.8199,1.2627,1.5895,-0.29925,-0.28818,-0.26048,-0.67035,-0.79497,-0.67312
-0.93147,1.2648,1.9415,-0.27322,-0.49469,-0.42702,-0.90687,-1.073,-0.40856,0.76031,2.1814,0.64342,-0.12557,-0.17479,-0.77768,-0.62388,-0.57466
-1.15,0.68249,2.2743,1.8718,-0.03614,-0.35953,-0.59309,-0.92725,-1.0099,-0.09363,1.0167,0.68609,0.03572,-0.24095,-0.5356,-0.7943,-0.82664
-1.0045,1.1638,2.76,0.5788,-0.13536,-0.33466,-0.46384,-0.65207,-1.2666,-0.36603,0.55111,1.1712,0.08424,-0.27746,-0.55795,-0.22394,-1.0267
-1.8533,0.25511,0.95869,0.86692,0.14451,0.17981,-0.51672,-0.86027,-1.4439,0.50689,2.1964,1.0622,0.12333,0.32335,-0.39435,-0.75909,-0.78968
-1.0815,-0.51034,2.0734,1.611,0.60473,-0.14318,-0.68712,-0.89109,-0.98628,0.15598,1.1895,1.0807,0.35996,-0.26557,-0.53753,-0.91829,-1.0543
-1.1318,0.04638,2.1969,0.90265,-0.19671,-0.53397,-0.77267,-0.93911,-1.0837,0.61577,1.7699,1.1195,0.0858,-0.14634,-0.47265,-0.81866,-0.64128
-1.1027,-0.4079,2.1901,1.4034,0.34636,-0.1754,-0.58362,-0.881,-1.1838,0.84378,1.2439,0.98977,-0.23488,-0.16189,-0.4863,-0.84315,-0.95669
-1.2455,-0.45519,1.8202,0.47409,-0.26412,-0.11648,-0.83732,-0.92417,-0.92417,0.76069,2.1068,1.0733,0.39593,0.30039,-0.35965,-0.76784,-1.0371
-0.87605,0.05312,2.3302,1.3095,-0.15627,-0.88914,-0.84988,-1.0069,-0.86297,0.38029,1.5189,0.7729,0.40646,0.01386,-0.54888,-0.82371,-0.77136
-1.383,-0.95091,2.0101,1.3699,-0.10262,-0.29469,-0.48675,-0.87088,-0.82286,0.2655,1.754,0.47357,0.47357,0.23349,-0.23067,-1.335,-0.10262
-0.82702,0.33987,2.0845,1.2575,-0.10196,-0.32854,-0.71373,-1.0649,-0.88366,0.52114,1.1669,1.4388,0.44183,-0.71373,-0.72506,-0.88366,-1.0083
-1.6403,-0.33711,1.4841,0.36463,-0.53761,-0.60444,-0.85506,-0.37053,0.14742,0.73221,2.1691,1.434,0.48159,-0.53761,-0.25357,-0.95531,-0.7214
-2.1418,-0.39895,0.643,-0.039,-0.39895,-0.81573,-0.53156,-1.0431,-0.47473,-0.00111,1.1356,2.3101,0.58617,1.0977,0.41567,-0.09584,-0.24739
-0.65282,-0.32055,2.537,2.0054,0.60982,0.51014,-0.55314,-1.0183,-0.78573,0.01173,0.07818,-0.05473,-0.22087,0.24432,-0.28732,-1.118,-0.9851
-0.81087,-0.19448,1.7294,0.59002,-0.53069,-0.25051,-0.92294,-0.92294,-0.53069,0.0857,1.8788,1.9722,0.45927,-0.36258,-0.3439,-1.0724,-0.77351
-0.43997,0.66325,2.851,0.74739,-0.42127,-0.47736,-0.79524,-0.80459,-0.48671,-0.21558,1.2523,1.0185,-0.10339,-0.56151,-0.96353,-0.46801,-0.79524
-0.46611,0.42952,3.0169,1.1386,0.01902,-0.44123,-0.66514,-0.98856,-0.5905,-0.47855,0.84002,0.3922,0.50416,-0.50342,-0.82685,-0.64026,-0.73977
-0.57187,-0.26687,1.1056,-0.38125,-0.68624,-0.26687,-0.87687,-1.1819,-0.80062,0.60999,2.0969,1.83,1.1437,0.11437,-0.80062,-0.87687,-0.19062
-0.75203,0.3301,2.3603,1.3548,-0.38813,-0.62754,-0.69457,-1.0872,-0.68499,0.38756,1.192,1.2686,-0.06253,-0.21575,-0.53177,-0.82864,-1.0202
-1.3528,-0.5984,1.7017,0.57178,0.49801,0.00513,-0.91023,-1.0678,-0.88676,0.30354,1.8794,1.581,-0.03846,0.20295,-0.56152,-0.99741,-0.33017
-0.34287,0.87069,-0.5842,-1.0186,-0.95195,-0.54053,-0.61178,-0.92437,-1.1128,1.0569,2.6175,1.1028,0.29609,0.63855,0.29149,-0.4463,-0.34057
-0.97787,1.226,2.4854,0.69081,0.31299,0.18705,-0.06482,-0.28521,0.0926,-0.03334,1.1316,0.12409,-0.66302,-0.75748,-0.72599,-1.5446,-1.1983
-0.83742,-1.1178,1.1371,1.515,0.68614,-0.42301,-0.59365,-0.69116,-1.069,0.92991,1.4053,1.4296,0.68614,-0.65459,-0.55708,-1.069,-0.77648
-0.55689,0.20787,2.7658,1.0517,-0.26022,-0.62282,-0.81401,-0.85357,-0.56349,1.3946,0.74847,0.34631,-0.41185,-0.04266,-0.78105,-0.68875,-0.91949
0.35913,0.66168,2.9812,0.92543,-0.66487,-0.51748,-0.99069,-0.99844,-0.29251,0.76252,0.72374,-0.23045,-0.09081,-0.65711,-0.68814,-0.74245,-0.54075
-0.65777,0.75872,2.7973,0.0917,-0.28303,-0.54535,-0.64278,-0.8901,-0.7477,0.95358,1.3283,0.5039,-0.0507,-0.14813,-0.67275,-0.8826,-0.91258
-0.67616,-0.18785,2.3416,1.4724,-0.05113,-0.50037,-0.91054,-1.1352,-0.79335,-0.04136,1.4724,0.84735,0.46647,-0.08043,-0.56873,-0.98867,-0.66639
-0.65946,0.45818,3.0889,1.06,-0.88299,-0.41874,-0.86579,-0.71104,-0.79702,0.49257,0.83646,0.20027,-0.05765,-0.60788,-0.24679,-0.57349,-0.31557
-0.22573,1.0057,2.7059,0.52109,-0.42435,-0.63886,-0.56735,-0.8772,-0.71036,1.0852,1.2758,-0.42435,-0.10655,-0.17011,-0.78186,-1.0917,-0.5753
-0.57025,-0.65111,1.0829,0.81336,-0.0761,-0.68705,-0.90268,-1.1183,-0.58822,1.8825,1.9095,0.8493,0.62469,-0.03118,-0.82181,-1.0554,-0.66009
-0.75935,-0.10443,1.945,0.91322,0.16157,-0.71301,-0.90444,-1.114,-1.1543,1.1429,1.5298,1.2437,0.16761,-0.31602,-0.40469,-0.97497,-0.6586
-0.79051,0.14875,2.7899,1.0037,0.3374,-0.34897,-0.58981,-1.0233,-0.88283,0.53007,0.94752,0.80703,0.05242,-0.58981,-0.59382,-0.93501,-0.86276
-0.80204,-0.22714,2.6321,0.3681,-0.56292,-0.84274,-0.75116,-0.9801,-0.76642,0.86159,1.2431,1.0498,0.56651,0.19003,-0.57818,-0.84274,-0.55783
-0.6022,-0.09881,2.2201,1.2586,0.22641,-0.50605,-0.99529,-1.2244,-0.96135,0.35932,1.171,1.4425,0.17267,-0.20062,-0.61917,-0.75208,-0.89065
-1.2322,-0.9121,1.3847,1.6633,1.1862,-0.18008,-0.91506,-1.2885,-0.94174,1.1061,0.55193,1.1654,-0.30752,0.39486,-0.36976,-0.56239,-0.74317
-1.1187,0.92995,2.4809,0.7077,-0.14751,-0.5437,-0.90125,-1.0607,-1.08,0.11823,0.9831,1.0362,0.61106,0.01677,-0.64034,-0.70798,-0.68382
-0.89594,0.36829,1.783,1.3917,0.30809,-0.29392,-0.86584,-0.86584,-0.83574,-0.56483,1.0606,1.3014,1.2713,-0.32402,-0.83574,-1.0464,-0.95614
-0.84522,-0.1344,2.2062,0.59673,-0.58628,-0.71321,-0.84522,-1.0686,-0.81984,1.2415,1.8153,0.77444,0.07377,0.18039,-0.57105,-0.72844,-0.57612
-0.96175,-0.02982,3.1141,1.2913,-0.51626,-0.03494,-0.48042,-0.92078,-0.63404,-0.39337,-0.06566,0.61024,0.20572,0.58464,-0.57771,-0.56747,-0.62379
-1.6211,0.12327,1.9403,0.57148,-0.0766,-1.0154,-0.04632,-0.9185,-1.4212,1.8676,0.75319,0.46851,-0.84582,0.13539,0.42612,-0.40973,0.06876
0.2653,0.03589,2.5685,0.54058,-0.26692,-0.6569,-0.73031,-0.45502,-0.95053,0.90303,1.7472,0.36623,-0.63854,-0.09716,-0.55137,-1.0928,-0.98723
-0.55579,0.35126,2.7593,1.2691,0.45924,-0.02668,-0.32903,-0.60978,-0.80415,-0.31823,0.86957,0.54563,0.1245,-0.55579,-0.73936,-1.1821,-1.2577
-0.73086,-0.59109,2.2337,0.90222,0.01212,-0.47339,-0.73086,-0.92212,-0.86327,0.43142,1.5716,1.5128,0.17395,-0.16443,-0.62787,-1.0398,-0.69408
-0.79613,-0.04694,0.97911,-0.01437,-0.63326,-1.073,-1.2522,-1.3336,-0.51925,0.94654,2.0703,1.8586,0.47423,0.22993,-0.4704,-0.29124,-0.12838
-0.70334,-0.27324,1.0601,0.33965,-0.23023,-0.85387,-0.7571,-1.1657,-0.81086,0.1031,2.2106,1.931,0.52244,0.50094,-0.1227,-1.1227,-0.62807
-0.25831,-0.40997,2.6627,1.2121,0.68457,-0.42315,-0.33744,-1.1616,-0.94405,0.05159,0.80326,0.95491,-0.28469,0.01202,-0.35722,-1.0495,-1.155
-0.95856,-0.16308,2.2667,1.5303,0.32524,-0.6002,-0.87587,-0.99401,-0.71047,0.60484,0.77023,1.2586,0.36462,-0.35604,-0.71441,-0.93887,-0.80892
-0.42083,-0.96851,2.831,0.9826,-0.35237,-0.79736,-0.7289,-0.93428,-0.52352,1.0168,0.33223,0.87991,0.57184,-0.42083,-0.3866,-0.14699,-0.93428
-0.50845,0.33675,2.9963,0.82134,-0.1591,-0.33941,-0.90287,-0.91414,-0.76764,0.07756,0.88895,0.87768,0.13391,-0.23798,-0.47464,-1.0832,-0.7451
-1.7962,-0.8362,1.9824,0.96115,-0.10092,-0.09071,-0.13156,-0.43793,-0.87705,-0.51962,1.8292,0.665,0.4199,0.33821,-0.15198,0.10332,-1.357
1.322,0.50071,-0.61929,-1.5713,-1.086,-1.422,-0.63796,-0.63796,0.70604,1.4154,1.7327,0.76204,-0.74996,0.07137,0.59404,-0.02196,-0.35796
-0.85912,0.05225,1.6327,1.6904,-0.21308,-0.54764,-0.82451,-0.68607,-1.1591,0.16762,1.702,1.1713,0.27144,0.13301,-0.35152,-1.0206,-1.1591
0.01725,0.17391,2.6081,1.2303,0.12972,0.06947,-0.56921,-0.58528,-1.2521,-0.25992,1.0134,0.04135,-0.30812,0.6479,-0.22376,-1.3404,-1.3927
-0.73393,0.17702,2.0335,0.00111,-1.0135,-0.21249,-0.4418,-0.79047,-0.76534,0.86808,2.5172,0.59165,-0.25019,-0.04601,-0.47321,-0.83131,-0.63027
-1.1394,0.83846,2.3428,0.21885,-0.42241,-0.10584,-0.59558,-0.8905,-1.0583,0.73564,1.8775,0.50024,-0.15454,0.01592,-0.45759,-0.83098,-0.87427
-1.5655,-1.3538,1.2604,1.31,1.3695,0.82025,-0.41402,-0.82102,-1.3174,-0.80448,-0.00701,1.0486,0.36029,0.68789,0.10219,0.2511,-0.92691
-1.1288,0.04777,-0.33749,-0.86204,-1.188,-0.91835,-1.1969,-1.108,-0.61014,1.0435,1.2687,1.0079,0.13667,0.39154,0.69382,0.9309,1.8289
-0.14428,0.03157,0.43816,-0.5092,-1.0886,-0.93713,-1.1333,-0.682,-0.21747,3.1847,0.84374,-0.127,-0.28659,-0.16664,-0.25813,0.34363,0.70854
-0.95899,-0.66293,1.5032,-0.01161,-0.80602,-0.57905,-0.62839,-0.72708,-0.79122,0.56076,2.4506,1.5772,0.35352,0.26964,-0.37674,-0.66293,-0.50997
1.9095,-0.16517,-1.4708,-1.1667,-0.57653,-0.71961,-0.93424,-1.131,-0.14729,0.74697,1.6591,1.3729,0.28195,-0.11152,-0.27249,0.08522,0.63966
-1.678,-0.89402,1.6806,0.96791,1.645,0.80755,0.37993,-1.0187,-1.0811,-0.47531,0.49575,0.21957,0.70956,0.18394,-0.06551,-0.72475,-1.1524
1.0353,0.61465,2.0979,-0.42583,-0.55866,-0.293,-0.42583,-1.1342,-1.1121,-0.31514,1.4116,1.0131,0.65893,-1.7541,-0.27086,-0.18231,-0.35942
-0.07174,-0.06536,2.1695,0.89245,-1.1509,-1.1764,-1.5212,-1.451,-0.7869,0.50294,1.4607,0.22837,0.16452,0.06874,0.01127,0.305,0.41993
-0.02906,-0.14401,0.64202,-0.56343,-1.191,-1.6819,-1.5669,-1.0667,0.01444,2.1084,0.53328,0.98998,0.39036,0.02065,0.02376,0.31891,1.2012
0.56053,-1.2293,-1.3638,-1.0024,-1.2209,-1.1033,-1.1117,-0.54867,0.4765,1.1992,1.6445,1.0731,0.63616,0.42608,0.35886,0.37567,0.82943
0.45595,0.81787,1.7327,1.2401,-0.19752,-1.0118,-1.1626,-1.796,-1.1727,-0.19752,1.039,1.1396,0.63691,-0.03666,-0.49912,-0.54938,-0.4388
-1.2007,-0.68221,1.9844,0.66167,-0.28011,-0.48116,-1.3383,-0.67163,-0.26952,1.1061,1.3601,1.6775,0.22782,-0.42825,-0.38592,-0.60814,-0.67163
-1.1527,-1.336,2.0002,0.3871,0.46959,0.48792,-0.50194,-1.0244,-1.0152,0.16713,1.4136,1.3678,0.50625,0.35044,-0.51111,-1.0427,-0.5661
-1.5356,-1.1619,1.1404,0.82619,0.51856,-0.24556,-0.44734,-1.1453,-1.0461,0.12823,1.3588,1.8715,1.1007,0.01576,-0.13971,-0.68882,-0.54989
0.57516,0.69477,2.7879,0.03694,-1.0545,-0.42654,-0.12752,-0.84516,-0.39664,-0.33683,1.1732,0.91903,0.05189,-1.3535,-0.69565,-0.69565,-0.30693
-1.9297,-0.64609,0.81917,2.0396,1.6486,0.85077,0.02137,-0.13266,-0.35383,-1.1398,0.70464,0.46372,-0.56315,0.03322,-0.5671,-0.70533,-0.5434
-0.37219,0.60535,3.1975,1.1792,-0.22143,-0.4111,-0.76613,-0.93148,-0.6105,0.26491,0.20655,0.38163,-0.05121,-0.45973,-0.58618,-0.75154,-0.67372
-0.26399,-0.36408,3.1561,0.65359,-0.51423,-0.09715,-0.71443,-0.4475,-0.66438,0.01963,1.3042,0.21982,-0.1472,0.21982,-0.39745,-1.1816,-0.78116
-1.0956,-0.68543,-0.32082,1.2288,0.62109,-0.01698,-0.65505,-0.7462,0.05898,1.1224,1.7453,1.3351,0.92493,-0.76139,-1.0804,-1.6274,-0.04736
-0.5719,-0.2235,2.3314,0.29462,1.319,-0.69101,-0.28008,-0.8786,-0.98282,0.63706,1.2147,1.2266,-0.22946,-0.53616,-0.72972,-0.99175,-0.90838
-1.2946,-0.6528,1.6972,0.23749,0.24784,-0.6528,-1.4603,-1.5845,-1.1601,1.0346,0.7137,1.221,0.48595,0.68264,-0.09378,0.80687,-0.22836
-0.89043,-0.4146,1.9051,0.44784,-0.71199,-0.4146,-0.65251,-0.94991,-0.74173,0.18018,1.6969,2.1132,0.38836,-0.23616,-0.35512,-0.74173,-0.62277
-1.2758,-1.4702,1.2673,0.70033,-0.49833,-0.7251,-0.41734,-1.3082,-0.04478,0.02001,1.8828,0.9271,1.2673,0.82991,0.03621,-0.7413,-0.44973
0.0707,-1.2488,-0.94834,-0.9614,-0.88302,-0.45188,-0.32124,-0.53027,-0.08607,2.4223,1.2204,1.4164,-0.71318,-0.63479,0.42345,0.48877,0.737
-0.95761,0.67673,0.75354,-0.52236,-0.65037,-0.29193,-0.84666,-0.94054,-0.67171,2.1916,2.2983,0.58712,-0.07857,-0.0871,-0.49675,-0.66744,-0.29619
0.25246,-0.40562,1.7403,0.1094,0.30968,-0.66312,-0.74896,-0.8348,-1.0637,1.9406,1.3111,1.2825,-0.23395,-0.6059,-0.86341,-1.1781,-0.34839
-0.84771,0.59053,2.7574,0.66372,-0.66634,-0.41496,-0.72361,-0.95908,-0.80953,0.42189,1.4465,0.70508,0.0496,-0.25905,-0.58042,-0.85407,-0.51997
-0.2179,-0.63237,2.6056,0.48151,-0.50285,-0.91731,-1.1764,-0.8137,-0.34742,1.0514,1.3363,1.0514,0.14476,-0.16609,-0.71008,-0.68417,-0.50285
-0.30074,-0.67302,2.3052,0.24527,-0.52411,-0.32556,-0.72266,-0.97084,-0.82193,0.66718,2.0322,1.0146,0.49345,-0.27592,-0.6482,-0.97084,-0.52411
-0.48877,0.70319,1.7845,-0.43805,-0.27666,-0.55794,-0.89915,-1.2427,-0.81846,1.9712,1.7914,0.55102,-0.32969,-0.38272,-0.64324,-0.63632,-0.08761
-0.62943,-0.50907,2.6204,1.5672,0.29737,-0.83405,-0.63545,-0.68359,-1.0567,0.61031,0.92326,0.508,0.1409,-0.08779,-0.51508,-0.82803,-0.88821
0.03871,-0.16376,2.5695,1.5319,-0.21438,-0.66992,-0.84708,-1.0749,-0.94831,1.1017,0.79795,0.16525,0.16525,-0.44215,-0.26499,-0.69523,-1.0495
-0.33975,-0.57144,1.3979,0.18983,-0.52179,-0.60453,-0.62108,-0.88587,-0.68728,1.5634,2.0764,1.5303,0.22293,-0.48869,-0.67073,-1.101,-0.48869
-0.57532,0.05358,1.9186,0.16201,-0.57532,-0.48857,-0.57532,-0.77049,-0.66206,0.20538,2.027,1.4849,1.0078,-0.87892,-0.64037,-0.98735,-0.70543
-0.09105,0.13117,2.4223,1.1503,0.03155,0.19247,-0.10638,-0.94162,-1.4091,-0.25963,1.4951,0.90511,-0.64277,-0.47419,-0.46653,-0.90331,-1.0336
-0.92964,-0.32408,2.4781,0.53082,-0.27659,-0.07473,-0.65655,-1.0959,-0.77528,-0.30033,1.2195,1.5876,0.69706,0.03213,-0.32408,-0.94151,-0.84652
0.09612,-0.28617,1.243,1.3105,-0.83337,-0.53353,-1.2231,-1.5904,-0.67595,0.65832,1.8876,1.4604,-0.06879,0.07364,-0.07628,-0.71343,-0.72842
-0.45461,-1.1991,2.0743,1.2116,0.40804,-0.71459,-0.83867,-0.96866,-0.67323,0.60893,1.123,1.3298,0.71528,-0.34235,-0.6555,-0.94502,-0.67914
-0.00072,0.64591,3.1714,0.74351,-0.91576,-0.59854,-0.87915,-0.56194,-0.68395,-0.52534,0.63371,0.75571,0.10909,-0.58634,-0.59854,-0.30573,-0.40333
-1.0814,-0.01462,1.7669,0.2961,-0.37713,-0.23213,-0.89501,-1.0089,-0.82251,0.53432,2.554,0.91755,-0.16998,0.2961,-0.40821,-0.87429,-0.48071
-1.0281,-0.46501,2.3029,1.2828,0.03969,-0.43845,-0.61376,-1.0069,-0.92189,-0.10906,1.7079,0.88439,0.45938,-0.05594,-0.52876,-0.74127,-0.76783
-0.65148,0.62548,2.423,1.653,0.06156,-0.36681,-0.70028,-0.9714,-1.0093,-0.32343,0.94811,0.85593,0.25676,-0.29632,-0.76535,-0.84397,-0.89549
-0.33032,0.14806,2.7313,0.84722,0.26581,0.29525,-0.72038,-1.081,-1.0663,-0.02121,0.93554,0.85458,0.25845,-0.13897,-0.86757,-1.1914,-0.91909
-0.99931,0.02614,2.2565,1.7352,0.51323,0.52177,0.31668,-0.04222,-0.52077,-1.6659,0.08596,0.42777,0.34232,-0.23022,-0.61477,-1.3582,-0.79422
-0.07722,0.78047,3.0822,0.938,-0.65485,-0.27852,-0.56733,-0.75988,-0.39229,-0.84739,-0.06847,0.91175,0.38663,-0.19975,-0.78613,-0.79488,-0.67236
0.28473,-0.67987,1.8142,1.6751,0.88435,0.36294,-0.64511,-1.6358,-0.87106,-0.61035,1.0581,0.76269,0.09355,0.14569,-0.99272,-0.54952,-1.097
-0.32517,0.0889,2.4905,0.85494,0.0889,0.50298,0.0682,-1.0291,-1.1326,-0.71854,1.4553,0.81353,0.17172,-1.2361,-0.57361,-0.69783,-0.82205
-0.82044,0.18238,2.3536,0.15478,-0.47083,-0.51683,-0.76524,-0.93084,-0.38803,1.1392,1.314,1.5164,0.16398,-0.47083,-0.93084,-0.64564,-0.88484
0.31166,-1.1416,0.8869,-0.38468,-0.89936,-0.53606,-1.0205,-1.2324,-0.3544,0.79607,2.5218,0.82635,1.2502,-0.2333,-0.38468,-0.62688,0.22083
-0.16842,-0.72259,2.6948,0.9707,0.04709,-0.23,-0.56866,-1.4307,-0.66102,-0.38393,0.87834,0.78598,0.93992,0.13945,-1.1228,-0.59945,-0.56866
-0.88071,-0.22823,1.9312,0.92914,0.01257,-0.68652,-0.81857,-0.98945,-1.0244,0.92137,1.5078,1.4107,0.51746,-0.34474,-0.44184,-1.0904,-0.72536
-1.6339,-1.2165,0.02861,0.39161,-0.20007,-0.62115,-0.44328,0.09395,0.29723,0.83083,2.9072,0.85624,0.34442,-0.09481,-0.16377,-0.69374,-0.68285
-0.74023,-0.93346,1.1679,0.99882,0.20175,-0.52285,-0.57116,-0.59531,-0.45039,-0.1847,1.7476,1.8925,1.1437,-0.59531,-0.95761,-1.2958,-0.30547
-1.1776,1.6362,-0.09644,-0.6012,-0.74081,-0.39357,-0.85894,-0.96992,-0.59404,0.67321,2.5562,1.1279,-0.32555,0.49422,-0.38283,-0.25754,-0.08928
-0.36372,-0.00345,2.5262,2.0046,-0.02002,-0.32614,-0.82566,-0.84776,-1.1683,-0.20458,0.94807,0.29383,-0.1438,0.16122,-0.36924,-0.77704,-0.88423
-0.44288,-0.01128,-0.80254,-0.39492,-0.4189,-0.2031,-0.82651,-0.97038,-0.58674,1.1876,2.4584,1.4753,1.4513,-0.2031,-0.6347,-0.70663,-0.37094
-0.8096,-1.3301,-1.0999,-0.6995,-0.70951,-0.41923,0.03121,-0.40922,-0.13896,1.1923,2.3735,1.5126,1.1923,0.03121,-0.2891,-0.39921,-0.02885
-0.50737,0.47983,2.5501,1.1624,-0.85712,-0.60891,-0.9925,-1.2351,-0.92481,0.44598,1.0778,0.72803,0.54188,-0.15198,-0.50173,-0.59763,-0.60891
-1.7481,-0.33014,0.86968,0.39372,0.12599,-0.95484,-1.3019,-0.34005,-0.77635,2.3075,1.0283,1.425,-0.23098,-0.30039,-0.16157,-0.02275,0.01692
0.60885,-0.83078,0.83224,0.83224,-0.75632,-0.48328,-1.8484,-1.0542,-0.60739,0.41028,1.3783,1.6762,0.41028,0.60885,-0.35918,-1.4017,0.58403
-0.72155,-0.48686,2.7831,1.7505,-0.62767,-0.01749,-0.59638,-0.58074,-0.11136,0.51447,0.67093,0.23285,0.09203,-0.56509,-0.58074,-1.3004,-0.45557
0.62334,-0.01647,2.5827,0.4234,0.58335,0.90325,-0.65627,-0.93618,-1.1361,0.14349,0.34342,0.78329,0.06351,-0.29638,-1.536,-1.0961,-0.77623
0.96058,0.56132,-0.03758,-0.19728,-1.994,-1.2354,-0.59655,-1.0757,0.32176,0.76095,1.9188,1.1602,0.8408,-0.6764,0.40161,-0.39691,-0.71633
1.5803,-1.1034,-1.3954,-1.0478,-0.43597,-0.38035,-0.47768,-0.5194,-0.38035,0.14805,1.5247,2.2616,0.5513,-0.10224,-0.40816,-0.29692,0.48177
3.004,1.5221,-0.56691,-0.82317,-0.16581,-0.6839,-1.0014,-0.54463,-0.47778,0.31327,0.39127,0.13501,-0.17138,-0.69504,-0.7786,0.04588,0.49711
-0.69963,-1.7333,-1.5076,-0.77686,-0.83627,-0.5511,0.01328,-0.11742,0.22715,1.4688,1.9916,0.88659,1.0589,-0.11742,0.10239,-0.11148,0.70242
1.4782,0.59634,-1.0972,-1.4125,-1.0621,-0.7176,-0.91616,-0.41978,-0.19203,0.11748,1.1453,0.42115,-0.72928,0.47371,-0.24458,0.28684,2.2724
-0.22859,0.63285,2.6046,1.054,-0.68803,-0.70717,-0.82203,-1.5112,-0.28602,0.57542,0.95828,0.74771,0.15427,-0.45831,-0.86032,-0.28602,-0.87946
-0.62618,-0.47213,2.8015,1.8772,-0.36429,-0.27956,-0.69551,-0.9728,-0.73402,0.07476,0.78341,0.35206,-0.05618,0.02855,-0.31037,-0.71861,-0.6878
-0.87895,0.35594,2.7022,1.2428,0.49065,0.07528,-0.54216,-1.3729,-0.93508,0.58046,0.55801,0.38962,-0.1717,-0.14924,-1.2045,-0.54216,-0.59829
-0.77436,-0.43797,2.6613,1.9549,0.57121,0.1339,-0.38863,-0.79006,-0.95826,-0.39984,0.64521,-0.39984,0.18996,0.03522,-0.429,-0.86631,-0.74745
-0.42776,0.45695,2.7011,0.39222,-0.6867,-0.34145,-0.16882,-0.31987,-0.10408,-1.0967,0.56484,0.69431,1.5359,-0.9888,-0.29829,-0.66512,-1.2477
-0.11019,-0.41726,1.763,1.3024,-0.23302,-1.0007,-1.0928,-0.69363,-0.47867,-0.20231,1.4252,1.4252,1.2102,-0.50938,-0.66292,-1.2464,-0.47867
-1.2092,0.62909,2.7911,0.64065,-0.22647,-0.29584,-0.75831,-0.87393,-0.88549,0.43254,1.0684,0.88345,-0.3074,-0.61957,-1.0242,-0.04149,-0.20335
-0.37687,-0.28891,-0.83137,-0.67009,-0.55281,-0.56747,-0.46484,-0.69942,-0.80204,1.4851,2.526,1.3971,1.1919,-0.17162,-0.50882,-0.64077,-0.02501
-0.76627,0.20831,2.4566,0.69078,-0.49609,-0.91101,-0.97856,-0.91101,-0.77592,0.96096,1.7136,0.72938,-0.29345,0.02497,-0.57328,-0.50574,-0.57328
0.92213,0.30992,2.5704,0.8044,-0.70848,-0.70848,-1.0028,-1.0911,-0.48479,0.06268,0.96923,1.0516,-0.23166,-0.67316,-1.2324,-0.01974,-0.53777
-0.83136,1.0249,2.3539,0.43429,-0.00869,-0.38838,-0.76807,-0.81026,-0.6626,0.62414,1.2148,1.3202,-0.19853,-0.83136,-1.0212,-0.36729,-1.0845
-1.1066,-0.61428,0.885,1.2803,2.0412,1.0789,-0.5919,-0.86789,-1.1737,-1.0022,0.01974,0.885,0.71344,0.43746,-0.18165,-0.80822,-0.9947
-0.33677,-0.25877,0.38082,1.1608,1.2544,1.8004,0.64601,-0.63317,-1.0856,-1.6784,-0.83596,-0.16517,1.1296,0.73961,-0.05598,-1.1324,-0.92956
-1.1191,-0.79778,0.51025,1.3364,1.7035,1.1528,0.39551,-0.26998,-1.1879,-1.5092,-0.79778,-0.13229,1.1299,0.99216,0.0054,-0.66009,-0.75188
-0.70615,0.12617,1.7268,1.7908,0.86245,1.3426,0.19019,-0.86622,-0.93024,-0.8342,-0.35402,-0.19396,0.70239,0.31824,-0.73817,-0.96225,-1.4745
-0.64054,-0.85859,0.85859,2.276,1.5536,1.3901,0.16354,-0.50425,-0.92674,-1.0085,-0.62691,-0.42248,0.43611,0.23168,-0.13628,-0.94037,-0.84497
-1.6468,-1.6179,-0.16269,0.34806,2.1116,1.0708,0.61789,-0.25906,-0.76981,-1.3288,-0.27834,0.11678,0.84918,0.77208,0.71426,-0.11451,-0.42289
-0.88064,-0.62014,1.8622,1.2033,1.3412,1.4179,0.16135,-0.74273,-1.0492,-0.95725,-0.43626,0.05408,0.60572,0.65169,-0.5895,-0.74273,-1.279
-1.1158,-1.3759,0.0162,0.70459,2.4179,0.91876,0.24566,-0.6416,-0.58041,-1.483,-0.41214,0.70459,1.1482,0.45983,-0.13678,-0.24386,-0.6263
-1.3284,-0.31438,0.83673,1.6316,-0.42401,0.31599,-0.61586,-1.4929,-0.45142,-0.20475,0.67229,1.4945,1.3849,0.91895,-0.7803,-1.164,-0.47882
-1.7632,-1.0631,-1.982,-0.49421,0.68726,0.84042,0.29344,0.92793,0.46847,-0.60361,-0.73488,0.07465,1.4968,0.40283,0.07465,1.3874,-0.01287
-1.8191,-0.04586,2.8128,0.67262,0.35924,-0.19108,-0.15287,-0.07643,-0.47389,-0.12229,0.5809,1.2994,-0.34395,-0.42803,-0.51211,-0.57325,-0.98599
-1.3191,-1.035,-0.04073,0.63394,1.717,1.8768,-0.5201,-0.83969,-0.73316,-0.9107,0.29661,1.0245,1.1311,0.52741,-0.25379,-0.73316,-0.82193
-0.53322,-0.61812,2.2966,1.6835,0.28742,-0.08046,-0.75018,-0.99543,-1.0992,-0.55209,0.67416,1.193,0.78735,-0.14648,-0.61812,-0.75961,-0.76904
-0.44788,-0.8216,0.1108,0.97149,0.4581,-1.2029,-1.4973,-1.8635,-0.69325,0.83181,0.3071,2.0171,0.86956,-0.02509,-0.16099,0.46942,0.67704
-0.55181,-0.65137,2.3575,1.1407,0.37741,0.51016,0.16723,-0.45225,-0.18676,-1.0717,-1.9567,1.1628,0.65397,0.15617,-0.46331,-0.7288,-0.46331
-1.2789,-1.5942,0.34241,0.6318,1.9767,-0.97465,-0.09351,-0.66671,-1.2381,-0.38475,0.29047,0.93416,0.0048,0.57058,1.6465,0.30902,-0.47565
-1.6299,-1.3323,0.17743,1.0083,1.6345,-0.71539,-0.56968,-0.70144,-1.1401,-0.74329,0.36189,1.45,0.799,1.0113,0.53859,0.41149,-0.56038
-0.31637,-1.0201,-0.49229,0.06061,1.8701,1.9706,1.468,0.2114,-0.06505,-1.5981,-0.61795,-0.2661,0.43759,0.2114,-0.64308,-0.03992,-1.1708
-0.06999,0.28558,2.7062,1.3728,-0.39136,-0.48709,-0.75376,-0.91103,-0.35717,-0.97257,-0.97257,1.2018,0.82576,-0.01528,-0.53495,-0.63068,-0.29563
0.07492,-0.46774,2.3895,1.6697,0.48468,-0.0912,-0.95502,-0.99932,-0.93288,0.05277,0.82799,0.92766,-0.01368,-0.27947,-0.73353,-1.2762,-0.67816
-1.5356,-0.13771,1.8328,1.3107,0.5865,-0.01981,-0.6935,-0.32297,-0.8956,0.0644,1.0581,1.2097,0.92334,-0.22192,-1.064,-1.0472,-1.0472
-1.6492,-1.4364,0.1596,0.85119,1.8265,1.6492,0.78026,0.67386,0.17733,-1.0285,-0.3192,-0.90439,0.46106,0.19506,-0.17733,-0.99306,-0.266
-0.89082,-1.7144,-1.7648,-0.31935,1.4791,0.30254,1.4287,0.99167,0.23531,-0.95805,-1.0925,0.11766,1.0253,0.43701,0.55466,0.11766,0.05042
-0.92868,-0.27826,1.7026,1.0078,1.4513,-0.38173,-0.72173,-0.20434,-0.95824,0.71216,1.0817,1.0965,0.44608,-0.78086,-0.88433,-1.4608,-0.89912
-2.1739,-0.94788,-0.69766,-0.72268,0.90372,2.2549,0.62848,0.60346,0.82866,-0.37238,-0.6226,0.20312,1.0288,0.10303,-0.27229,-0.24727,-0.49749
-1.4579,-0.19207,1.4909,1.9799,0.36891,-0.00508,0.35452,-0.00508,-0.40783,-1.4579,-0.98319,0.16753,1.6059,-0.03384,-1.0551,0.25384,-0.62359
-1.5135,-1.4376,0.83176,1.7805,-0.46611,-0.12456,-0.18528,-0.48888,-1.1037,0.17144,1.4617,0.78622,0.78622,0.93043,0.32324,-0.60273,-1.1492
-1.0561,0.18771,2.7318,0.79703,-0.25829,-0.68544,-0.67916,-0.92414,-0.61006,0.23168,0.85357,0.65884,1.1677,-0.08868,-0.51584,-1.0372,-0.77338
-1.4893,0.14778,1.6151,1.258,1.4409,0.03893,-0.35293,-0.94071,-1.4545,-1.3108,0.0607,0.76169,0.84877,0.71815,-0.17006,-0.34857,-0.82316
-1.5045,-0.88809,1.3856,1.7494,1.3856,-0.08976,0.01129,-0.45356,-1.1407,-0.76683,0.09214,0.7591,1.1431,0.47615,-0.56472,-0.45356,-1.1407
-0.21165,-1.2894,1.5459,2.1926,1.264,0.0039,0.0868,-0.32771,-0.36087,-0.52668,0.3521,0.89926,0.16971,-0.65933,-0.69249,-0.99094,-1.4552
-0.80628,-1.1165,-0.40475,1.4386,2.5337,1.7854,-0.423,-0.82453,-0.75152,-0.80628,-0.24049,0.19754,-0.00322,-0.11273,-0.13098,-0.22224,-0.11273
-1.9146,-1.5347,-0.42546,0.8965,1.0485,0.66858,0.16714,-1.322,-0.33429,-1.322,0.80533,0.82053,1.4435,0.51663,0.13675,0,0.34948
-0.14587,-1.0146,0.99133,1.5757,0.65175,-0.69077,-0.73026,-1.1962,-1.0067,0.54119,1.2993,1.6547,0.49381,-0.29591,0.00418,-0.69077,-1.441
0.71455,-0.57332,-0.93902,-0.90722,-1.4319,-1.2093,-0.71642,-1.0821,0.15806,1.3505,1.43,1.7162,0.87355,0.23756,0.09446,-0.38253,0.66685
-1.7141,-0.69485,0.82709,1.0226,0.36632,-0.10842,-0.84844,-0.5273,-0.93222,-1.03,0.05914,1.3018,2.0418,1.218,-0.42956,-0.06653,-0.48541
-1.2634,-1.1177,-1.0227,0.17436,2.8598,1.2131,0.33903,-0.26899,-0.71868,-0.73135,-0.64268,-0.19932,0.32003,-0.00931,0.02235,0.3137,0.73172
0.42834,0.70091,-0.35046,-0.97349,1.4797,-1.5965,-0.03894,-0.23364,0.07788,1.1293,0.89561,0.70091,0.3894,-0.27258,-2.4921,-0.3894,0.54516
-0.89228,-0.67383,0.54131,3.0398,0.86899,0.03614,-0.14135,-0.26423,-1.4384,0.18633,0.14537,0.36382,0.03614,0.514,-0.87863,-0.59191,-0.85132
-0.11804,-1.8773,-1.1764,-0.46165,1.3663,0.12936,1.8611,0.56918,0.5142,-1.3275,-0.91521,0.23931,0.48671,-0.03557,0.47297,-0.80526,1.0777
-1.7037,-1.3873,0.14603,0.80317,0.43201,0.04259,-0.68148,-1.2352,-0.66322,1.296,1.2656,1.8801,0.73624,-0.13995,-0.7119,-0.04868,-0.03042
0.61746,-1.0407,2.9389,0.99235,0.01187,-0.78115,-0.42069,-1.0839,-0.85325,0.02629,-0.42069,1.05,0.51653,-0.17557,-0.43511,-0.39185,-0.55046
0.40045,0.28039,2.9699,1.5291,-0.0558,-0.16385,-0.54806,-0.81221,-0.94428,-0.35596,0.43647,0.35243,-0.16385,-0.52405,-0.9803,-0.77619,-0.64412
0.27234,-0.26187,3.2105,0.15363,-0.88511,-0.84059,-0.66252,-0.97414,-0.66252,0.04975,0.65816,0.89558,0.48009,0.03492,-0.58833,-0.49929,-0.38058
-0.83259,-0.41277,-0.14288,0.75674,2.526,0.81672,0.88669,-0.64267,-0.84259,-1.0825,-1.2724,-0.84259,0.78673,0.75674,0.58681,-0.48274,-0.56271
-0.3655,-1.1903,-0.14555,0.34933,0.95417,1.834,0.67924,-1.0253,-0.86037,-1.3003,0.01941,0.51428,0.73423,0.95417,1.0092,-0.3655,-1.7951
-0.76693,-0.48101,-0.1951,0.94857,1.8635,0.63406,-1.0528,-0.36664,-0.5096,-0.73833,-1.3959,-0.25228,1.9207,1.2345,-0.8527,0.43392,-0.42383
-0.9858,-0.75452,-0.87016,1.2736,2.5812,1.6205,-0.27418,-0.90574,-0.75452,-0.28308,-0.4165,0.20616,0.08163,-0.49656,-0.54104,-0.15854,0.67761
-0.13859,0.92486,2.5937,1.1703,0.13955,-0.95662,-1.6438,-1.1529,-0.8421,-0.18767,0.33588,0.89214,-0.05678,-0.12222,-0.49852,-0.36764,-0.0895
0.52798,0.04135,2.6475,1.2092,0.1603,-1.159,-0.73726,-1.6132,-0.72644,-0.65075,-0.83458,0.64693,0.75507,0.05216,-0.28307,-0.09923,0.06298
-1.6608,-1.7849,-0.17237,1.4866,1.192,1.1765,-0.40494,-0.29641,-0.52898,-0.42045,0.4168,0.7424,0.81992,1.2385,-0.29641,-0.48247,-1.0251
-0.29053,-0.01401,0.01672,1.7757,1.4378,1.7757,0.71571,-0.02937,-0.63619,-1.6347,-1.3505,-0.42111,-0.26749,0.7618,-0.28285,-0.72068,-0.8359
-1.1983,-1.5351,-1.7371,0.83883,0.46844,1.849,-0.22184,0.26641,0.55262,-1.3499,-0.72692,0.35059,0.83883,0.95669,0.55262,-0.05348,0.14855
-0.91509,-1.4438,-1.8098,-0.06101,1.4235,1.2405,1.1388,0.48805,0.28469,-1.4641,-0.38637,0.18302,1.3828,0.12201,0.38637,-0.12201,-0.44738
-0.79373,-0.71232,0.73268,1.5671,2.7475,0.69197,0.08141,0.02035,-0.87514,-0.63091,-0.85479,-0.14246,0.02035,0.14246,-0.18317,-0.56986,-1.2415
-0.78569,-0.80762,0.0916,0.88116,2.4822,1.4514,0.44251,0.48638,-0.5225,-0.36898,-0.54444,0.17933,0.6399,-0.43477,-0.50057,-1.4875,-1.2024
-1.2273,-0.74724,-1.8361,0.59917,1.5358,0.92699,-0.33746,0.646,-0.94627,-0.9814,-0.44283,0.03719,0.59917,1.2782,1.4421,0.02548,-0.57162
2.4325,0.86131,-0.50931,0.99503,1.4296,0.42672,-0.07473,0.05899,-0.44245,-1.2782,-1.0442,-0.07473,0.42672,-0.97733,-0.57617,-0.6096,-1.0442
0.68469,-0.17337,0.53546,1.3562,2.2143,0.42354,-0.80758,0.68469,0.16239,0.23701,-1.8149,-0.28529,0.12509,-1.2553,-1.2926,-0.13606,-0.65836
1.6827,-0.35358,-1.1387,0.16163,1.8054,0.70138,-0.50078,0.60324,-0.32904,-2.2427,-1.0405,-0.15731,0.2843,0.45604,-0.45171,0.75045,-0.23091
-1.8404,-0.36077,1.5692,0.11101,0.45412,-0.78966,0.43268,0.06812,-0.96122,0.00378,1.0975,2.234,0.00378,-0.08199,-0.78966,-0.0391,-1.1113
-0.01065,-0.23524,2.6376,0.88773,0.36479,-0.37938,-0.53023,-1.1437,-1.1738,1.2866,0.39161,0.25752,0.27428,-0.66432,-1.4956,-0.56375,0.09662
-0.97619,-0.11512,2.1028,0.74595,0.87642,-0.1673,0.17191,-0.76744,-1.2632,0.51112,0.45893,0.98079,1.1895,-0.32386,-0.79354,-1.3415,-1.2893
-1.0546,-0.57406,1.7124,0.83429,1.9113,1.3479,0.35379,-0.06043,-0.73975,-1.154,-0.20955,0.35379,0.53605,-0.83917,-0.47465,-0.67348,-1.27
-0.78256,1.2382,1.0698,1.2944,0.15299,-1.1755,0.02201,0.30268,-0.09025,-0.25865,1.5938,0.80788,0.3401,-1.3065,-0.29608,-1.6994,-1.2129
-1.5612,0.50435,-0.59988,-0.71679,0.10164,0.75118,2.0113,0.85511,-0.01528,-1.4183,-1.0805,-0.9896,0.0107,0.20556,0.85511,1.4267,-0.34006
0.40848,-0.43323,0.6189,0.95559,-0.30698,-0.26489,-0.93826,-0.13863,-0.05446,-1.4433,0.99767,1.7973,2.0077,-0.43323,-1.2749,-0.812,-0.68574
-0.81842,0.27394,0.61889,0.99259,1.7687,0.70513,-0.55971,0.07271,-1.0484,-1.2496,-1.5946,-0.78968,0.50391,1.51,-1.0771,0.64764,0.04396
-0.3777,-0.5264,1.9203,2.461,0.92,-0.05328,0.06838,-0.36418,-1.0536,-0.31011,-0.48584,-0.55343,0.78483,0.17653,-0.5264,-0.95897,-1.1212
1.3055,1.6027,2.5534,0.20623,0.14681,-0.53655,-0.98222,-0.80395,-0.83366,0.08739,0.14681,0.32508,-0.35828,-0.32857,-1.0119,-0.74453,-0.77424
-0.41517,0.64094,2.8562,1.2592,-0.28638,-0.41517,-0.647,-0.90459,-0.72428,0.64094,0.74398,0.46063,-0.23486,-0.36366,-0.85307,-0.7758,-0.98187
-1.0933,0.55037,2.0044,1.4354,0.61358,-0.33468,0.42393,0.04462,0.04462,-1.7255,0.6768,0.92967,-0.08181,-0.77721,-0.3979,-1.0933,-1.2197
-0.26985,-1.0123,-0.27317,0.89691,0.73118,-0.44885,-0.6179,-1.3604,-0.85655,2.4283,0.36325,1.1521,-0.8002,0.0351,-1.2311,0.70135,0.56213
-0.71279,-0.60799,-0.22809,1.6976,2.9421,0.9116,-0.39839,-0.69969,-0.41149,-0.39839,-0.79139,-0.45079,-0.09709,-0.71279,-0.49009,0.08631,0.3614
-1.1668,0.15557,1.2856,0.10749,-0.13294,-0.92637,-0.92637,-1.4072,-0.42146,1.9588,1.1173,1.7184,0.17962,0.03536,-0.2772,-0.46955,-0.83019
-1.4619,-1.7408,-1.0435,-0.40198,1.4668,2.0246,0.65793,0.10008,0.10008,-1.0714,-0.82036,0.18376,0.35111,0.74161,0.51847,0.23955,0.15587
-1.364,-1.0365,-1.1854,-1.0663,-0.45611,0.58568,1.5679,1.1959,1.9847,0.1392,-0.06916,-0.56029,-0.75377,-0.0394,1.1066,0.0499,-0.09893
-1.8164,-1.0826,-0.96034,-1.0215,1.6689,1.3632,1.4243,0.69058,-0.16545,-0.34889,-0.59347,-0.16545,0.26256,0.93516,0.446,-0.83805,0.20142
-1.7257,-1.7765,0.40458,0.92194,1.7233,0.69876,0.0191,-0.35624,-0.97505,-0.85332,-0.4374,0.15097,0.62775,1.2466,0.97266,0.04953,-0.69101
-0.9231,-0.94508,-1.077,-0.59342,0.35166,0.85717,1.7803,2.2199,0.85717,-1.1649,-0.74728,-0.74728,-0.21979,0.4176,0.26374,-0.50551,0.17583
-0.80905,0.04942,0.65219,0.9079,1.2732,2.2595,1.1636,0.41473,-0.79079,-0.90038,-0.99171,-0.06017,-0.0967,-0.22456,-0.31589,-1.1013,-1.4301
-1.0031,-1.3779,-0.43406,0.35242,1.0741,1.5183,0.72716,1.0788,-0.55435,-1.3963,-0.39243,-0.78567,-0.2305,1.546,1.1204,-0.36467,-0.8782
0.29454,-1.5989,-1.094,-0.18935,-0.31558,2.0618,1.8935,0,0.14727,-0.29454,-1.3675,-0.6522,-0.21039,1.1571,0.48389,0.08415,-0.39973
-0.8749,-1.5772,-1.2762,0.0782,0.73032,1.232,0.70523,-0.49868,-0.27295,-1.5019,-1.0505,-0.1977,1.2069,1.232,1.232,0.45442,0.37917
-1.0351,-1.2689,-0.95155,-0.77617,-0.6342,-0.18324,1.7793,1.771,1.8127,0.11741,-0.2751,-0.78452,-0.26675,-0.52563,0.61013,0.60178,0.00884
-1.2768,-1.105,-0.08172,1.0088,1.6586,2.2561,0.55315,-0.11907,-0.70913,-0.71659,-0.71659,-0.23857,0.03032,1.0162,0.05272,-0.66431,-0.94814
-1.5783,0.08352,-0.19077,1.0677,1.342,0.90638,1.2775,1.1,-0.77161,-0.73934,-1.0136,-0.90068,0.42234,0.79344,0.51915,-0.91682,-1.4008
-1.3757,-0.68707,-1.0509,-0.59613,-0.27131,0.30036,1.2878,0.58619,0.19642,-0.66109,-1.2587,-1.0119,-0.07643,0.59918,1.3138,2.1193,0.58619
-0.44395,3.4008,0.35349,-0.55787,-1.1844,-0.84267,0.23957,0.58133,0.18261,-0.30155,-0.33003,-0.72875,-0.27307,-0.35851,0.43893,0.15413,-0.33003
-0.61994,-0.83114,-2.0983,-0.09193,1.5977,1.9778,0.58391,0.98519,-0.09193,-0.66218,-0.87338,-0.74666,-0.00745,0.45719,0.71063,0.18263,-0.4721
1.558,0.98949,-0.02018,-1.0789,-0.95143,-0.03979,0.92087,1.7835,1.4796,-0.49071,-0.96124,-0.97104,-0.61814,-0.59854,-0.58874,-0.92203,0.50916
-2.1459,0.08034,1.3435,-0.48807,-0.98542,-0.86701,0.73558,0.36454,-0.4486,-0.93016,-0.51965,-0.33018,0.2856,0.47507,1.7066,1.4935,0.23033
-1.604,-1.495,-0.14205,1.3272,1.1963,0.52712,-0.00385,-0.8185,-0.5421,-0.7894,-0.88396,-0.09113,0.54167,1.9237,0.94172,0.42529,-0.51301
-1.7408,-1.0828,-0.22231,-0.34041,0.01389,2.2578,2.3591,0.16574,-0.34041,-0.18857,-0.22231,-0.39103,-0.2898,-0.27292,0.19948,0.4863,-0.39103
-1.2556,-1.2556,-1.2596,-0.6025,-0.14412,-0.07111,-0.15223,-0.48892,-0.54976,-0.52542,-0.20497,0.05464,0.40755,1.1255,1.4217,2.2005,1.3
2.1529,1.1742,0.40031,0.10443,0.71896,1.3335,0.42307,-0.16869,-0.82874,-1.1246,-1.8074,-1.2384,-0.37354,0.10443,-0.05489,-0.21421,-0.60114
-0.69146,0.02136,-1.0277,-1.6598,0.2231,1.8236,1.2184,-0.18038,-0.34178,-0.81251,-0.09968,-0.82596,-1.095,1.2991,0.55934,1.4605,0.12896
-0.27668,1.4253,-0.95745,0.16686,1.6109,1.8069,-0.09101,0.13591,-0.44171,-1.3081,-1.1947,-0.69958,-0.42108,1.3324,0.00182,0.04308,-1.1328
-0.79216,0.15118,-0.36887,0.14513,0.4112,0.93124,0.85263,2.7091,-0.22979,-1.0522,0.26002,-0.93124,-0.43539,0.2963,0.62889,-1.2396,-1.3364
-1.2232,-1.0828,-1.0477,0.12252,2.0299,2.2405,0.82463,0.23954,0.12252,-0.76681,-0.96574,-0.45086,0.18103,0.43847,0.07572,-0.14662,-0.59129
-1.3483,-0.55538,-0.69283,-0.33336,1.1574,2.1724,-0.07961,-0.40736,-0.7034,-1.1898,-0.73512,-0.3545,0.52304,1.8446,0.86137,0.06841,-0.22763
-0.98824,-0.2334,-0.85275,0.11499,1.7989,2.0698,1.2763,0.46338,-0.52372,-1.027,-0.93017,-0.85275,-0.42695,0.77306,0.32789,0.03757,-1.027
-0.98436,-1.0661,-0.79158,0.92667,1.6768,1.7146,0.72341,-0.24886,-0.81672,-1.2316,-0.94245,-0.38297,0.0906,1.4317,0.6375,-0.12523,-0.61137
-1.9169,-1.4547,-0.64774,0.29633,1.3658,1.3854,0.40994,-0.42837,-0.7966,-0.9768,-0.3226,0.72332,0.94269,1.307,0.12397,0.60189,-0.61249
-1.1867,-1.5829,-0.90942,0.71483,1.4774,1.5071,0.44743,0.31867,-0.22604,-1.3254,-1.1966,-0.03787,0.8733,1.2794,0.42762,-0.28547,-0.29537
-1.0404,-1.0753,-1.0699,-0.34797,1.1443,1.4798,1.2517,-0.02052,-0.83376,-0.9277,-0.65662,-0.69688,0.06536,1.9898,0.69878,0.52164,-0.48217
1.9212,2.0666,0.3218,-0.09622,-0.00535,1.2305,0.84887,-0.49606,-0.67781,-0.96861,-1.114,-1.2776,-0.76869,-0.18709,0.15823,-0.29614,-0.65964
-0.48524,1.5642,0.36017,-0.12659,-0.43401,1.1543,1.6155,-0.97199,-0.33153,-0.8439,-1.4331,-1.305,-0.74143,1.0775,0.97501,0.61635,-0.69019
-1.6751,-1.6159,-1.1895,-0.86977,0.45369,1.0577,1.3567,1.0399,0.61062,-0.17695,-0.44342,-0.7543,-0.69212,0.60469,0.29381,1.1791,0.82083
-1.6338,-1.1116,-1.2386,-0.01079,0.11623,0.21502,1.0336,0.088,-0.33539,-1.3657,-0.68822,0.10211,0.77954,1.3017,1.7675,1.217,-0.2366
-0.8756,-0.96054,-1.4702,0.35599,0.69573,2.2883,0.99301,0.65327,-0.11117,-1.7462,-0.23857,-0.51462,0.44092,0.54709,0.80191,-0.42968,-0.42968
-1.8578,-1.694,-1.3399,-0.25119,1.1599,0.3143,0.40943,-0.14021,-0.45731,-0.14549,-0.1772,0.47814,0.19803,1.2709,1.3343,1.4136,-0.51544
-1.4276,-0.89344,-1.2189,-0.80164,2.0358,0.29994,1.752,0.83404,-0.21747,-0.50121,-1.0437,-0.43445,0.20814,0.60037,0.90081,0.29994,-0.39272
-1.253,-0.80186,-0.76964,-0.58702,0.51941,-0.02843,1.4754,0.78796,-0.24328,-0.69444,-1.4464,-1.1456,-0.04992,0.22937,1.8085,1.3143,0.88464
-1.2079,-1.0099,-1.4779,-0.61401,0.51979,0.73576,1.4916,2.0675,1.2937,0.60978,-0.82997,-0.82997,0.01588,-0.38005,0.01588,-0.18209,-0.21808
-0.94921,-0.62996,-0.94921,-0.48485,0.0956,0.96628,1.6628,2.4464,0.96628,-0.94921,-0.4268,-0.77507,0.50192,-0.92018,-0.13658,-0.36876,-0.04951
-1.241,-1.0076,-1.6175,0.21215,1.3566,0.9199,1.334,1.4695,0.9199,-0.88713,-1.1958,-0.79678,0.39285,0.09168,0.24227,0.23474,-0.42784
-1.0991,-0.59311,-1.0374,-0.17351,1.3815,1.0113,1.2581,2.2084,0.62869,-1.3213,-0.92633,-0.6795,0.40654,-0.39565,-0.2599,-0.13648,-0.27224
-0.80252,-0.06143,0.47755,0.56177,0.62914,2.0945,0.51124,-0.22986,-0.86989,-0.71831,-1.6952,-1.3247,0.20806,1.185,0.56177,0.71335,-1.2404
-2.0081,1.2873,-0.12622,-1.0629,-1.1651,1.0318,1.6534,0.29102,0.60608,-0.38168,-0.78189,-0.87556,-0.72228,0.53796,0.20587,0.89559,0.61459
-1.3171,0.26294,-0.52706,-0.12706,0.38294,1.6629,0.78294,-0.47706,-0.34706,-1.387,-1.3671,-0.89705,-0.03706,1.6629,0.43294,1.5529,-0.25706
-1.3505,-2.0539,-0.13542,1.5593,1.895,0.91975,0.93574,0.02445,0.0884,-0.679,-0.72696,-0.64702,0.20031,0.26426,0.53605,-0.27931,-0.5511
-1.2023,-1.1347,-0.12147,1.5093,2.0883,1.4804,0.92071,0.13907,-0.01533,-1.4242,-0.65222,-0.40132,-0.02498,0.22592,-0.17937,-0.35307,-0.85486
-1.5589,-1.0441,0.54717,2.4076,1.7055,0.24296,-0.02615,-1.1377,-0.20166,-0.70479,-0.82179,-0.35377,0.44187,0.54717,-0.08466,0.39507,-0.35377
-0.60113,0.5793,-0.247,1.0009,2.0211,1.2117,0.23361,0.52028,-0.74447,-1.107,-1.4696,-0.76976,-0.23013,1.0009,0.52871,-0.39877,-1.5286
-0.77558,-1.3176,-0.36171,0.61386,1.8062,2.023,0.29852,-0.16462,-0.75587,0.02261,-1.0614,-0.78543,-0.45039,0.56458,0.19998,1.2544,-1.1106
-0.45945,-1.4475,-0.69471,1.0462,0.99917,1.3285,-0.55355,-0.31829,-0.69471,-1.4946,-1.2593,-0.36535,0.43454,0.95211,0.90506,1.6108,0.01107
-1.4939,-0.82181,-1.1265,-1.1086,-0.59777,0.64785,1.5709,1.0959,0.9615,-0.51712,-0.73219,-0.81284,-0.60673,0.48655,1.1138,1.0959,0.845
-1.3856,-0.89396,-1.1622,-0.99081,-0.14154,0.52148,1.5719,2.0561,1.0728,-0.31289,-0.69282,-0.94611,-0.44698,-0.08195,0.64812,0.53638,0.64812
-0.2105,-0.36441,-0.92235,-0.92663,0.19352,-1.0186,0.41157,0.23628,-0.09293,3.4556,0.36026,-0.17202,-0.72568,-0.20622,0.16573,0.12084,-0.30456
-0.96489,-0.94733,-0.84196,-0.85952,-0.75415,-0.24484,1.2655,2.3368,1.5992,-0.06922,-0.31509,-0.70146,-0.61365,-0.56096,0.24691,0.47521,0.9494
-1.0201,-1.6285,-1.3919,-0.54682,-0.51301,1.0757,1.4476,1.6504,0.83911,-0.71583,-0.4116,-1.0539,0.39967,0.39967,0.60249,0.06164,0.80531
-1.2929,-1.0794,-1.0438,-1.2099,-0.65237,0.01186,1.1743,1.7673,1.8266,0.61678,0.01186,-0.1542,-0.65237,-0.48631,-0.35584,0.75912,0.75912
-0.85589,-1.1504,-1.3959,-1.0522,-0.68899,-0.09009,1.039,2.0011,1.4906,-0.12937,-0.60063,-0.7479,-0.149,-0.149,0.68552,1.039,0.75425
-0.35455,-0.106,-1.473,-0.47882,-0.64452,0.63965,1.8824,1.5717,1.3853,-0.54096,-0.85164,-1.618,-0.35455,-0.37526,0.26682,0.2254,0.82606
-1.2158,-1.4548,-1.2791,-1.265,-0.46384,0.46384,1.8694,1.4969,0.68873,0.34436,-0.23895,-0.5552,-0.70981,0.31625,0.47789,0.60439,0.92065
-1.3588,-1.0405,-1.3009,-1.0983,0.69555,0.77271,1.5153,2.0651,0.70519,-0.16282,-0.3943,-0.61612,-0.78973,-0.30749,0.09758,0.64733,0.57017
-1.5413,-1.1043,-1.1786,-1.2158,0.67163,0.14166,0.05797,1.9176,1.8618,0.03008,-0.89971,-0.472,0.13236,0.14166,0.45778,0.76461,0.23463
-1.5976,-1.443,-1.4651,-0.70299,0.03703,0.50093,1.02,1.009,1.5281,0.33525,-0.96807,-0.7803,-0.1176,-0.00715,0.89855,1.0532,0.69974
-1.5147,-0.32149,-0.99913,-0.86655,2.0945,0.48873,1.5641,1.3284,0.42981,0.68024,-0.99913,-0.96967,-0.29203,-0.07106,-0.43934,0.20884,-0.32149
-1.3698,-1.2504,-1.3519,-0.9639,-0.57588,0.3076,1.3941,1.7104,0.98216,-0.46246,-0.57588,-0.67736,0.05092,0.06286,0.71353,1.0777,0.92843
-1.4576,-1.2957,-1.1033,-1.0122,-0.25306,0.54661,1.4171,1.1944,0.71869,-0.45551,-0.91102,-0.74906,-0.32392,0.92114,1.0021,1.3969,0.36441
0.06828,0.36415,-1.0242,-1.3656,-1.3314,-0.94452,-0.13656,1.6956,1.5021,1.5021,0.62589,-0.37553,-0.94452,-0.72831,0.36415,-0.14794,0.87625
-1.2907,-1.3503,-1.1419,-1.0972,-0.75481,0.55516,1.0464,0.86777,2.282,-0.24869,-0.32312,-0.82924,0.12347,0.43608,0.48073,0.57005,0.67425
-0.62432,-0.09195,-1.1227,-1.0434,-0.9528,-0.59034,0.78023,1.6751,1.4712,1.5392,0.10061,-0.89617,-1.1793,-0.73759,0.06663,0.74625,0.85952
-1.5582,-1.3746,-0.95554,-0.9715,-0.75199,0.1141,0.48927,0.31765,0.37752,0.1141,-0.19322,-0.61629,-0.2491,1.6986,0.92431,2.0458,0.58905
-1.3895,-1.6841,-1.4232,-0.87599,0.05001,0.39516,1.0181,0.82449,1.2538,0.71505,-0.73288,-1.0612,0.10052,1.0097,0.25205,1.2875,0.26047
-0.89511,-0.73054,-1.3002,-0.71788,0.21894,1.1304,1.7128,1.8647,0.86458,-1.161,-0.85713,-0.45202,-0.41405,-0.37607,0.11766,1.1558,-0.16085
-1.1959,-0.66203,-1.3762,-1.131,-0.42395,0.26142,0.61492,2.1588,1.6971,0.05941,-0.53938,-0.46002,-0.9506,0.42735,0.58606,0.92514,0.00891
1.162,-1.0558,-1.8247,-0.96714,-0.28701,0.12698,0.77754,1.9012,1.8125,-0.13916,0.30441,-0.46444,-0.49401,-0.84886,-0.46444,0.06784,0.39312
0.96886,0.90853,-1.1428,-1.6771,-0.79801,-0.74629,-0.04816,1.1068,1.3309,0.95163,-0.00507,-1.2893,-1.1772,-0.16021,-0.00507,1.3136,0.46897
1.4193,-1.2818,-1.1559,-0.40011,0.8315,0.71954,0.88748,1.4053,0.71954,-0.68002,-0.77799,-0.70801,-0.90395,-1.3938,-0.45609,0.5376,1.2374
-0.51452,-0.69195,-1.2774,-0.94034,-1.0645,-0.51452,0.99357,1.3839,2.0049,0.03548,-0.07097,-0.51452,-0.88711,-0.69195,0.42581,1.1887,1.1355
0.32385,-0.78405,-1.5681,-1.4318,-0.01704,0,0.28976,2.5737,0.76701,0.63065,0.03409,-1.0738,-1.1079,-0.05113,0.59656,0.44316,0.37498
1.5162,-0.45624,-1.526,-1.7266,-1.5929,-0.72369,-0.28908,0.51327,1.3825,0.4464,0.17895,-0.02163,-0.22222,0.04523,0.81415,0.31268,1.349
-1.1388,-1.0161,-0.90047,-0.66917,-0.46941,-0.07339,1.1462,1.8786,0.71514,1.4441,0.24553,-0.97757,-1.0687,-0.87594,0.01422,0.48734,1.2584
-1.1329,-0.81416,-0.72684,-0.00642,1.4912,1.0895,-0.03262,-0.54346,-0.9888,-1.325,-0.95388,-0.63951,-0.14177,0.85371,1.2248,1.4126,1.2336
-0.21862,0.26751,-0.68907,-0.62635,-0.99487,-0.9635,-0.32055,2.0082,2.1807,0.51058,0.10285,-0.56362,-0.88509,-0.98702,-0.44601,0.40081,1.2241
-0.51926,-0.87977,-0.91068,-0.75102,-0.66347,-0.75617,0.74254,2.4061,2.0713,0.34082,0.10906,-0.29265,-0.48836,-0.92098,-0.27205,0.04726,0.73739
-1.0598,-1.0926,-0.60048,-1.2426,-1.266,-1.3082,0.86184,1.0306,0.79154,1.0587,0.2338,-0.26771,-0.6286,-0.07554,0.90871,1.204,1.4524
-1.474,-0.79084,-0.65155,-1.3214,-1.149,-0.36635,0.40966,0.94026,1.2653,2.0678,-0.41941,-0.41278,-0.16074,-0.34645,0.54894,1.179,0.68159
-0.97243,0.59023,-0.47896,-1.2466,-1.5481,-0.86277,0.69989,1.6594,1.4127,1.4127,0.48057,0.09676,-1.274,-0.47896,-0.28705,0.23383,0.56282
-1.2756,-1.3003,-1.3333,-1.2343,-1.1518,-0.61546,0.67177,0.62226,1.3649,0.75428,0.20143,0.25094,-0.07087,-0.2359,0.55625,1.2906,1.5052
-1.0568,-1.2108,-0.81284,-0.999,-1.3104,-0.50148,1.2896,1.678,1.2414,0.41973,-0.03606,-0.63309,-0.7358,0.05381,0.41331,1.2671,0.9333
-0.46828,0.00557,-1.5818,-2.032,-0.79998,-0.30243,0.40835,1.3324,1.9484,0.19512,-0.30243,-0.25504,-0.18397,-0.04181,-0.01812,1.4034,0.69266
3.2377,0.86637,-0.18962,-0.54162,-0.31931,-0.04141,0.06975,0.36617,-0.2452,-1.0048,-0.81951,-0.61573,-0.72688,-0.68983,-0.50457,0.84785,0.31059
-0.5898,-0.97933,-1.2534,-0.56095,-0.76292,-0.04158,0.99715,1.6031,1.7762,1.5021,0.0594,-0.38783,-0.33012,-1.6141,0.26138,-0.20028,0.52106
-1.286,-1.0227,-1.5007,-1.0389,-0.03431,0.0062,0.50445,1.8817,0.58141,0.07911,-0.73511,-0.83233,-0.40699,0.28975,0.85282,1.5253,1.1364
-1.2018,-1.1021,-1.6503,-0.70349,-0.17197,0.55889,1.2067,2.3528,0.94092,-0.48756,-0.80315,-0.60383,0.14363,0.34295,0.39278,0.55889,0.22668
-0.21421,-0.5387,-0.46659,-0.82714,-1.1276,0.32662,1.6727,2.1174,1.24,-0.51467,-1.6684,-0.63485,-0.41852,-0.32237,0.1824,0.80735,0.38671
0.80899,-1.4279,-0.82036,-0.35089,-0.26804,0.20143,1.527,1.9136,0.22905,-0.43373,-0.7099,-1.566,-1.0137,-0.48897,0.75376,0.91945,0.72614
-0.52341,-1.0032,-1.3303,-0.92687,-0.42527,1.0468,1.483,1.7556,1.145,0.76331,-0.86145,-1.1668,-0.88326,0.02181,0.31623,0.78512,-0.19628
0.46467,-0.63364,-1.7139,-0.90521,-0.68796,-0.37415,1.6113,1.4544,0.51295,-0.31984,-0.52502,-1.3035,-0.54312,-0.30777,1.038,1.1406,1.0923
-1.1929,-1.1446,-0.99396,-1.006,-0.66246,0.17532,1.0342,1.3084,0.36819,-0.55699,-0.67753,-0.61425,-0.20138,0.10601,0.76599,2.2276,1.0643
-0.14239,-0.25569,-0.5853,-0.80161,-0.7295,-0.34839,0.76404,2.0928,2.0413,0.44473,-0.6677,-0.94581,-1.2857,-0.7501,-0.39989,0.79494,0.77434
-0.99469,-1.2906,-0.87058,-1.0742,-0.36781,0.04268,1.8342,2.041,0.93367,-0.03369,-0.42509,-0.81649,-0.60647,-0.38691,0.34816,0.73956,0.9273
-1.0859,-1.035,-0.87667,-0.89364,-0.84275,-0.00599,1.2548,2.64,0.89862,0.22582,-0.28868,-0.6901,-0.75229,-0.15864,0.71205,0.51416,0.38413
-1.1165,-1.2469,-1.0018,-1.16,-1.1323,-0.34573,0.31434,0.66217,0.90722,1.2195,0.14438,-0.03348,-0.57498,-0.10858,0.23924,2.3064,0.92699
-0.14081,-1.3927,-1.1781,-0.8766,-0.64411,-0.95579,0.38036,1.3461,0.58986,1.3231,0.19131,-0.57002,-1.0094,-0.6671,0.7457,1.2975,1.5607
-0.94301,-0.96956,-0.95628,-0.83685,-0.63778,0.29118,1.5254,2.1624,0.62295,-0.86339,-0.61124,-0.71741,-0.41218,-0.23966,0.29118,0.92818,1.3661
-1.1535,-0.91849,-1.1535,-0.51554,-0.88491,-0.38122,1.0627,2.0029,2.0365,0.29036,0.52542,-0.34764,-0.61628,-0.75059,0.76047,-0.04543,0.08889
-1.2377,-1.3483,-1.1219,-1.0903,-0.95602,-0.4084,0.47886,0.6026,0.6421,1.2845,0.03655,0.21032,-0.64008,-0.16618,0.46043,2.1165,1.1371
